Agency Name,Date,Age,Gender,Race,Ethnicity,Charges Classification,Charges,Arrest Type
Louisville Metro Police Department,2022-01-05,16,Male,Black,Not Hispanic Or Latino,46 WPNS LAW VIOLATION,POSS HANDGUN BY MINOR 2ND OR > 527.100 52205 520,Taken Into Custody
Louisville Metro Police Department,2022-01-14,14,Male,Black,Not Hispanic Or Latino,46 WPNS LAW VIOLATION,POSS HANDGUN BY MINOR 1ST OFFENSE 527.100 52206 520,Taken Into Custody
Louisville Metro Police Department,2022-01-14,15,Male,Black,Not Hispanic Or Latino,46 WPNS LAW VIOLATION,POSS HANDGUN BY MINOR 1ST OFFENSE 527.100 52206 520,Taken Into Custody
Louisville Metro Police Department,2022-01-14,17,Male,Black,Not Hispanic Or Latino,46 WPNS LAW VIOLATION,POSS HANDGUN BY MINOR 2ND OR > 527.100 52205 520,Taken Into Custody
Louisville Metro Police Department,2022-01-14,17,Male,Black,Not Hispanic Or Latino,46 WPNS LAW VIOLATION,UNLAWFULLY PROV/PERMIT MINOR TO POSSESS HANDGUN 527.110 52203 520,Taken Into Custody
Louisville Metro Police Department,2022-01-15,16,Female,Black,Not Hispanic Or Latino,33 STOLEN PROPERTY,RECEIVING STOLEN PROPERTY (FIREARM) 514.110 28020 280,Taken Into Custody
Louisville Metro Police Department,2022-01-16,15,Male,Black,Not Hispanic Or Latino,46 WPNS LAW VIOLATION,POSS HANDGUN BY MINOR 1ST OFFENSE 527.100 52206 520,Taken Into Custody
Louisville Metro Police Department,2022-01-16,15,Male,Black,Not Hispanic Or Latino,46 WPNS LAW VIOLATION,USING RESTRICTED AMMO DURING A FELONY (NO SHOTS) 527.080(2)(A) 02549 520,Taken Into Custody
Louisville Metro Police Department,2022-01-18,16,Male,Black,Not Hispanic Or Latino,46 WPNS LAW VIOLATION,POSS HANDGUN BY MINOR 1ST OFFENSE 527.100 52206 520,Taken Into Custody
Louisville Metro Police Department,2022-01-19,16,Male,Black,Not Hispanic Or Latino,46 WPNS LAW VIOLATION,POSS HANDGUN BY MINOR 1ST OFFENSE 527.100 52206 520,On View Arrest
Louisville Metro Police Department,2022-01-19,17,Male,White,Not Hispanic Or Latino,46 WPNS LAW VIOLATION,POSS HANDGUN BY MINOR 1ST OFFENSE 527.100 52206 520,Taken Into Custody
Louisville Metro Police Department,2022-01-20,17,Male,Black,Unknown,46 WPNS LAW VIOLATION,POSS HANDGUN BY MINOR 1ST OFFENSE 527.100 52206 520,Taken Into Custody
Louisville Metro Police Department,2022-01-20,17,Male,Black,Unknown,33 STOLEN PROPERTY,RECEIVING STOLEN PROPERTY (FIREARM) 514.110 28020 280,Taken Into Custody
Louisville Metro Police Department,2022-01-22,16,Male,Black,Not Hispanic Or Latino,46 WPNS LAW VIOLATION,POSS HANDGUN BY MINOR 1ST OFFENSE 527.100 52206 520,On View Arrest
Louisville Metro Police Department,2022-01-24,17,Male,Black,Not Hispanic Or Latino,46 WPNS LAW VIOLATION,POSS HANDGUN BY MINOR 1ST OFFENSE 527.100 52206 520,Taken Into Custody
Louisville Metro Police Department,2022-01-24,17,Male,Black,Not Hispanic Or Latino,33 STOLEN PROPERTY,RECEIVING STOLEN PROPERTY (FIREARM) 514.110 28020 280,Taken Into Custody
Louisville Metro Police Department,2022-01-26,14,Male,Black,Not Hispanic Or Latino,46 WPNS LAW VIOLATION,POSS HANDGUN BY MINOR 1ST OFFENSE 527.100 52206 520,Taken Into Custody
Louisville Metro Police Department,2022-02-02,17,Male,Black,Not Hispanic Or Latino,46 WPNS LAW VIOLATION,POSS HANDGUN BY MINOR 1ST OFFENSE 527.100 52206 520,Taken Into Custody
Louisville Metro Police Department,2022-02-02,17,Male,Black,Not Hispanic Or Latino,33 STOLEN PROPERTY,RECEIVING STOLEN PROPERTY (FIREARM) 514.110 28020 280,Taken Into Custody
Louisville Metro Police Department,2022-02-12,16,Male,Black,Not Hispanic Or Latino,46 WPNS LAW VIOLATION,POSS HANDGUN BY MINOR 2ND OR > 527.100 52205 520,Taken Into Custody
Louisville Metro Police Department,2022-02-14,15,Female,Black,Not Hispanic Or Latino,46 WPNS LAW VIOLATION,POSS HANDGUN BY MINOR 1ST OFFENSE 527.100 52206 520,Taken Into Custody
Louisville Metro Police Department,2022-02-17,16,Male,Black,Not Hispanic Or Latino,46 WPNS LAW VIOLATION,POSS HANDGUN BY MINOR 1ST OFFENSE 527.100 52206 520,Taken Into Custody
Louisville Metro Police Department,2022-02-18,17,Male,Black,Not Hispanic Or Latino,33 STOLEN PROPERTY,RECEIVING STOLEN PROPERTY (FIREARM) 514.110 28020 280,On View Arrest
Louisville Metro Police Department,2022-02-18,17,Female,Black,Not Hispanic Or Latino,33 STOLEN PROPERTY,RECEIVING STOLEN PROPERTY (FIREARM) 514.110 28020 280,On View Arrest
Louisville Metro Police Department,2022-02-21,15,Male,Black,Not Hispanic Or Latino,46 WPNS LAW VIOLATION,POSS HANDGUN BY MINOR 1ST OFFENSE 527.100 52206 520,On View Arrest
Louisville Metro Police Department,2022-02-25,17,Male,White,Hispanic Or Latino,46 WPNS LAW VIOLATION,POSS HANDGUN BY MINOR 1ST OFFENSE 527.100 52206 520,Taken Into Custody
Louisville Metro Police Department,2022-02-26,17,Male,Black,Not Hispanic Or Latino,46 WPNS LAW VIOLATION,POSS HANDGUN BY MINOR 1ST OFFENSE 527.100 52206 520,Taken Into Custody
Louisville Metro Police Department,2022-02-27,17,Male,Black,Not Hispanic Or Latino,23 THEFT OTHER,TBUT OR DISP FIREARM 514.030 23100 23H,Taken Into Custody
Louisville Metro Police Department,2022-02-27,17,Male,Black,Not Hispanic Or Latino,23 THEFT OTHER,TBUT OR DISP FIREARM 514.030 23100 23H,Taken Into Custody
Louisville Metro Police Department,2022-02-28,14,Male,Black,Not Hispanic Or Latino,46 WPNS LAW VIOLATION,POSS HANDGUN BY MINOR 1ST OFFENSE 527.100 52206 520,Taken Into Custody
Louisville Metro Police Department,2022-02-28,15,Male,Black,Not Hispanic Or Latino,46 WPNS LAW VIOLATION,CARRYING A CONCEALED DEADLY WEAPON 527.020 01501 520,Taken Into Custody
Louisville Metro Police Department,2022-02-28,15,Male,Black,Not Hispanic Or Latino,46 WPNS LAW VIOLATION,POSS HANDGUN BY MINOR 2ND OR > 527.100 52205 520,Taken Into Custody
Louisville Metro Police Department,2022-02-28,16,Male,Black,Not Hispanic Or Latino,46 WPNS LAW VIOLATION,CARRYING A CONCEALED DEADLY WEAPON 527.020 01501 520,Taken Into Custody
Louisville Metro Police Department,2022-02-28,16,Male,Black,Not Hispanic Or Latino,46 WPNS LAW VIOLATION,POSS HANDGUN BY MINOR 1ST OFFENSE 527.100 52206 520,Taken Into Custody
Louisville Metro Police Department,2022-03-02,13,Male,Black,Not Hispanic Or Latino,46 WPNS LAW VIOLATION,POSS HANDGUN BY MINOR 1ST OFFENSE 527.100 52206 520,Summoned/Cited
Louisville Metro Police Department,2022-03-02,14,Male,Black,Not Hispanic Or Latino,46 WPNS LAW VIOLATION,POSS HANDGUN BY MINOR 1ST OFFENSE 527.100 52206 520,Summoned/Cited
Louisville Metro Police Department,2022-03-02,15,Male,White,Not Hispanic Or Latino,46 WPNS LAW VIOLATION,CARRYING A CONCEALED DEADLY WEAPON 527.020 01501 520,Summoned/Cited
Louisville Metro Police Department,2022-03-02,15,Male,White,Not Hispanic Or Latino,46 WPNS LAW VIOLATION,POSS HANDGUN BY MINOR 1ST OFFENSE 527.100 52206 520,Summoned/Cited
Louisville Metro Police Department,2022-03-02,15,Male,White,Not Hispanic Or Latino,33 STOLEN PROPERTY,RECEIVING STOLEN PROPERTY (FIREARM) 514.110 28020 280,Summoned/Cited
Louisville Metro Police Department,2022-03-04,17,Male,Black,Not Hispanic Or Latino,46 WPNS LAW VIOLATION,POSS HANDGUN BY MINOR 1ST OFFENSE 527.100 52206 520,Taken Into Custody
Louisville Metro Police Department,2022-03-04,17,Male,Black,Not Hispanic Or Latino,33 STOLEN PROPERTY,RECEIVING STOLEN PROPERTY (FIREARM) 514.110 28020 280,Taken Into Custody
Louisville Metro Police Department,2022-03-05,17,Male,Black,Not Hispanic Or Latino,46 WPNS LAW VIOLATION,POSS HANDGUN BY MINOR 1ST OFFENSE 527.100 52206 520,Taken Into Custody
Louisville Metro Police Department,2022-03-05,17,Male,Black,Not Hispanic Or Latino,46 WPNS LAW VIOLATION,UNLAWFUL POSSESSION OF WEAPON ON SCHOOL PROPERTY 527.070 52204 520,Taken Into Custody
Louisville Metro Police Department,2022-03-08,14,Male,Black,Not Hispanic Or Latino,46 WPNS LAW VIOLATION,POSS HANDGUN BY MINOR 1ST OFFENSE 527.100 52206 520,Taken Into Custody
Louisville Metro Police Department,2022-03-11,13,Male,Black,Not Hispanic Or Latino,46 WPNS LAW VIOLATION,POSS HANDGUN BY MINOR 1ST OFFENSE 527.100 52206 520,Taken Into Custody
Louisville Metro Police Department,2022-03-13,17,Male,Black,Not Hispanic Or Latino,46 WPNS LAW VIOLATION,POSS HANDGUN BY MINOR 1ST OFFENSE 527.100 52206 520,Taken Into Custody
Louisville Metro Police Department,2022-03-15,17,Male,Black,Not Hispanic Or Latino,46 WPNS LAW VIOLATION,POSS HANDGUN BY MINOR 1ST OFFENSE 527.100 52206 520,Taken Into Custody
Louisville Metro Police Department,2022-03-16,15,Male,Black,Not Hispanic Or Latino,46 WPNS LAW VIOLATION,POSS HANDGUN BY MINOR 1ST OFFENSE 527.100 52206 520,Taken Into Custody
Louisville Metro Police Department,2022-03-16,16,Male,Black,Not Hispanic Or Latino,46 WPNS LAW VIOLATION,POSS HANDGUN BY MINOR 1ST OFFENSE 527.100 52206 520,Taken Into Custody
Louisville Metro Police Department,2022-03-16,16,Male,Black,Not Hispanic Or Latino,46 WPNS LAW VIOLATION,POSS HANDGUN BY MINOR 1ST OFFENSE 527.100 52206 520,Taken Into Custody
Louisville Metro Police Department,2022-03-16,17,Male,Black,Not Hispanic Or Latino,46 WPNS LAW VIOLATION,POSS HANDGUN BY MINOR 1ST OFFENSE 527.100 52206 520,Taken Into Custody
Louisville Metro Police Department,2022-03-17,15,Male,Black,Not Hispanic Or Latino,33 STOLEN PROPERTY,RECEIVING STOLEN PROPERTY (FIREARM) 514.110 28020 280,On View Arrest
Louisville Metro Police Department,2022-03-22,17,Male,White,Not Hispanic Or Latino,46 WPNS LAW VIOLATION,CARRYING A CONCEALED DEADLY WEAPON 527.020 01501 520,Taken Into Custody
Louisville Metro Police Department,2022-03-22,17,Male,White,Not Hispanic Or Latino,46 WPNS LAW VIOLATION,POSS HANDGUN BY MINOR 2ND OR > 527.100 52205 520,Taken Into Custody
Louisville Metro Police Department,2022-03-22,17,Male,White,Not Hispanic Or Latino,33 STOLEN PROPERTY,RECEIVING STOLEN PROPERTY (FIREARM) 514.110 28020 280,Taken Into Custody
Louisville Metro Police Department,2022-03-23,16,Male,Black,Not Hispanic Or Latino,46 WPNS LAW VIOLATION,POSS HANDGUN BY MINOR 1ST OFFENSE 527.100 52206 520,Taken Into Custody
Louisville Metro Police Department,2022-03-23,16,Male,Black,Not Hispanic Or Latino,33 STOLEN PROPERTY,RECEIVING STOLEN PROPERTY (FIREARM) 514.110 28020 280,Taken Into Custody
Louisville Metro Police Department,2022-03-23,17,Male,Black,Not Hispanic Or Latino,46 WPNS LAW VIOLATION,POSS HANDGUN BY MINOR 1ST OFFENSE 527.100 52206 520,Taken Into Custody
Louisville Metro Police Department,2022-03-24,15,Male,Black,Not Hispanic Or Latino,46 WPNS LAW VIOLATION,POSS HANDGUN BY MINOR 1ST OFFENSE 527.100 52206 520,On View Arrest
Louisville Metro Police Department,2022-03-24,17,Male,Black,Not Hispanic Or Latino,46 WPNS LAW VIOLATION,POSS HANDGUN BY MINOR 1ST OFFENSE 527.100 52206 520,Taken Into Custody
Louisville Metro Police Department,2022-03-24,16,Male,White,Not Hispanic Or Latino,46 WPNS LAW VIOLATION,POSS HANDGUN BY MINOR 1ST OFFENSE 527.100 52206 520,On View Arrest
Louisville Metro Police Department,2022-03-25,17,Female,Black,Not Hispanic Or Latino,46 WPNS LAW VIOLATION,POSS HANDGUN BY MINOR 1ST OFFENSE 527.100 52206 520,Taken Into Custody
Louisville Metro Police Department,2022-03-26,13,Male,Black,Not Hispanic Or Latino,46 WPNS LAW VIOLATION,POSS HANDGUN BY MINOR 1ST OFFENSE 527.100 52206 520,Taken Into Custody
Louisville Metro Police Department,2022-03-26,13,Male,Black,Not Hispanic Or Latino,33 STOLEN PROPERTY,RECEIVING STOLEN PROPERTY (FIREARM) 514.110 28020 280,Taken Into Custody
Louisville Metro Police Department,2022-03-26,14,Male,Black,Not Hispanic Or Latino,46 WPNS LAW VIOLATION,POSS HANDGUN BY MINOR 1ST OFFENSE 527.100 52206 520,On View Arrest
Louisville Metro Police Department,2022-03-26,14,Male,Black,Not Hispanic Or Latino,33 STOLEN PROPERTY,RECEIVING STOLEN PROPERTY (FIREARM) 514.110 28020 280,On View Arrest
Louisville Metro Police Department,2022-03-26,15,Male,Black,Not Hispanic Or Latino,46 WPNS LAW VIOLATION,POSS HANDGUN BY MINOR 1ST OFFENSE 527.100 52206 520,Taken Into Custody
Louisville Metro Police Department,2022-03-26,15,Male,Black,Not Hispanic Or Latino,33 STOLEN PROPERTY,RECEIVING STOLEN PROPERTY (FIREARM) 514.110 28020 280,Taken Into Custody
Louisville Metro Police Department,2022-03-26,16,Male,Black,Not Hispanic Or Latino,46 WPNS LAW VIOLATION,POSS HANDGUN BY MINOR 1ST OFFENSE 527.100 52206 520,Summoned/Cited
Louisville Metro Police Department,2022-03-26,16,Male,Black,Not Hispanic Or Latino,33 STOLEN PROPERTY,RECEIVING STOLEN PROPERTY (FIREARM) 514.110 28020 280,Summoned/Cited
Louisville Metro Police Department,2022-03-27,17,Male,Black,Not Hispanic Or Latino,46 WPNS LAW VIOLATION,POSS HANDGUN BY MINOR 1ST OFFENSE 527.100 52206 520,Taken Into Custody
Louisville Metro Police Department,2022-04-01,17,Male,Black,Not Hispanic Or Latino,46 WPNS LAW VIOLATION,POSS HANDGUN BY MINOR 2ND OR > 527.100 52205 520,Taken Into Custody
Louisville Metro Police Department,2022-04-01,17,Male,Black,Not Hispanic Or Latino,33 STOLEN PROPERTY,RECEIVING STOLEN PROPERTY (FIREARM) 514.110 28020 280,Taken Into Custody
Louisville Metro Police Department,2022-04-06,17,Male,Black,Not Hispanic Or Latino,46 WPNS LAW VIOLATION,POSS HANDGUN BY MINOR 1ST OFFENSE 527.100 52206 520,Taken Into Custody
Louisville Metro Police Department,2022-04-06,17,Male,Black,Not Hispanic Or Latino,33 STOLEN PROPERTY,RECEIVING STOLEN PROPERTY (FIREARM) 514.110 28020 280,Taken Into Custody
Louisville Metro Police Department,2022-04-09,15,Male,Black,Not Hispanic Or Latino,46 WPNS LAW VIOLATION,POSS HANDGUN BY MINOR 1ST OFFENSE 527.100 52206 520,Summoned/Cited
Louisville Metro Police Department,2022-04-09,17,Male,Black,Not Hispanic Or Latino,46 WPNS LAW VIOLATION,CARRYING A CONCEALED DEADLY WEAPON 527.020 01501 520,Taken Into Custody
Louisville Metro Police Department,2022-04-09,17,Male,Black,Not Hispanic Or Latino,33 STOLEN PROPERTY,RECEIVING STOLEN PROPERTY (FIREARM) 514.110 28020 280,Taken Into Custody
Louisville Metro Police Department,2022-04-10,16,Male,Black,Not Hispanic Or Latino,46 WPNS LAW VIOLATION,POSS HANDGUN BY MINOR 1ST OFFENSE 527.100 52206 520,Taken Into Custody
Louisville Metro Police Department,2022-04-13,15,Male,Black,Not Hispanic Or Latino,46 WPNS LAW VIOLATION,POSS HANDGUN BY MINOR 1ST OFFENSE 527.100 52206 520,Taken Into Custody
Louisville Metro Police Department,2022-04-13,16,Male,Black,Not Hispanic Or Latino,46 WPNS LAW VIOLATION,POSS HANDGUN BY MINOR 1ST OFFENSE 527.100 52206 520,Taken Into Custody
Louisville Metro Police Department,2022-04-13,17,Male,Black,Not Hispanic Or Latino,46 WPNS LAW VIOLATION,POSS HANDGUN BY MINOR 1ST OFFENSE 527.100 52206 520,On View Arrest
Louisville Metro Police Department,2022-04-13,17,Male,Black,Not Hispanic Or Latino,46 WPNS LAW VIOLATION,POSS HANDGUN BY MINOR 2ND OR > 527.100 52205 520,Taken Into Custody
Louisville Metro Police Department,2022-04-13,17,Male,White,Hispanic Or Latino,46 WPNS LAW VIOLATION,POSS HANDGUN BY MINOR 1ST OFFENSE 527.100 52206 520,Summoned/Cited
Louisville Metro Police Department,2022-04-15,16,Male,Black,Not Hispanic Or Latino,46 WPNS LAW VIOLATION,POSS HANDGUN BY MINOR 1ST OFFENSE 527.100 52206 520,Taken Into Custody
Louisville Metro Police Department,2022-04-15,16,Male,Black,Not Hispanic Or Latino,46 WPNS LAW VIOLATION,POSS HANDGUN BY MINOR 1ST OFFENSE 527.100 52206 520,Taken Into Custody
Louisville Metro Police Department,2022-04-15,16,Male,,Not Hispanic Or Latino,46 WPNS LAW VIOLATION,POSS HANDGUN BY MINOR 1ST OFFENSE 527.100 52206 520,Taken Into Custody
Louisville Metro Police Department,2022-04-15,16,Male,,Not Hispanic Or Latino,46 WPNS LAW VIOLATION,POSS HANDGUN BY MINOR 2ND OR > 527.100 52205 520,Taken Into Custody
Louisville Metro Police Department,2022-04-18,15,Male,White,Not Hispanic Or Latino,46 WPNS LAW VIOLATION,POSS HANDGUN BY MINOR 2ND OR > 527.100 52205 520,Taken Into Custody
Louisville Metro Police Department,2022-04-19,16,Male,Black,Not Hispanic Or Latino,46 WPNS LAW VIOLATION,POSS HANDGUN BY MINOR 2ND OR > 527.100 52205 520,Taken Into Custody
Louisville Metro Police Department,2022-04-19,15,Male,White,Not Hispanic Or Latino,46 WPNS LAW VIOLATION,POSS HANDGUN BY MINOR 2ND OR > 527.100 52205 520,Taken Into Custody
Louisville Metro Police Department,2022-04-21,16,Male,Black,Not Hispanic Or Latino,46 WPNS LAW VIOLATION,CARRYING A CONCEALED DEADLY WEAPON 527.020 01501 520,Taken Into Custody
Louisville Metro Police Department,2022-04-21,16,Male,Black,Not Hispanic Or Latino,46 WPNS LAW VIOLATION,POSS HANDGUN BY MINOR 1ST OFFENSE 527.100 52206 520,Taken Into Custody
Louisville Metro Police Department,2022-04-21,16,Male,Black,Not Hispanic Or Latino,33 STOLEN PROPERTY,RECEIVING STOLEN PROPERTY (FIREARM) 514.110 28020 280,Taken Into Custody
Louisville Metro Police Department,2022-04-21,16,Male,Black,Not Hispanic Or Latino,23 THEFT OTHER,TBUT OR DISP FIREARM 514.030 23100 23H,Taken Into Custody
Louisville Metro Police Department,2022-04-21,16,Male,White,Not Hispanic Or Latino,46 WPNS LAW VIOLATION,POSS HANDGUN BY MINOR 1ST OFFENSE 527.100 52206 520,Taken Into Custody
Louisville Metro Police Department,2022-04-25,15,Female,Black,Not Hispanic Or Latino,46 WPNS LAW VIOLATION,POSS HANDGUN BY MINOR 1ST OFFENSE 527.100 52206 520,Taken Into Custody
Louisville Metro Police Department,2022-04-25,15,Male,Black,Not Hispanic Or Latino,46 WPNS LAW VIOLATION,POSS HANDGUN BY MINOR 1ST OFFENSE 527.100 52206 520,Taken Into Custody
Louisville Metro Police Department,2022-04-28,16,Male,Black,Not Hispanic Or Latino,46 WPNS LAW VIOLATION,CARRYING A CONCEALED DEADLY WEAPON 527.020 01501 520,Taken Into Custody
Louisville Metro Police Department,2022-04-28,16,Male,Black,Not Hispanic Or Latino,46 WPNS LAW VIOLATION,POSS HANDGUN BY MINOR 2ND OR > 527.100 52205 520,Taken Into Custody
Louisville Metro Police Department,2022-04-28,17,Male,Black,Not Hispanic Or Latino,46 WPNS LAW VIOLATION,POSSESSION OF HANDGUN BY CONVICTED FELON 527.040 52197 520,On View Arrest
Louisville Metro Police Department,2022-04-28,17,Male,Black,Not Hispanic Or Latino,33 STOLEN PROPERTY,RECEIVING STOLEN PROPERTY (FIREARM) 514.110 28020 280,On View Arrest
Louisville Metro Police Department,2022-04-28,16,Male,White,Not Hispanic Or Latino,23 THEFT OTHER,TBUT OR DISP FIREARM 514.030 23100 23H,Taken Into Custody
Louisville Metro Police Department,2022-05-01,13,Male,Black,Not Hispanic Or Latino,46 WPNS LAW VIOLATION,CARRYING A CONCEALED DEADLY WEAPON 527.020 01501 520,Taken Into Custody
Louisville Metro Police Department,2022-05-01,13,Male,Black,Not Hispanic Or Latino,46 WPNS LAW VIOLATION,POSS HANDGUN BY MINOR 1ST OFFENSE 527.100 52206 520,Taken Into Custody
Louisville Metro Police Department,2022-05-02,16,Male,Black,Not Hispanic Or Latino,46 WPNS LAW VIOLATION,POSS HANDGUN BY MINOR 2ND OR > 527.100 52205 520,Taken Into Custody
Louisville Metro Police Department,2022-05-03,15,Male,White,Not Hispanic Or Latino,46 WPNS LAW VIOLATION,POSS HANDGUN BY MINOR 1ST OFFENSE 527.100 52206 520,Taken Into Custody
Louisville Metro Police Department,2022-05-04,16,Male,Black,Not Hispanic Or Latino,46 WPNS LAW VIOLATION,POSS HANDGUN BY MINOR 1ST OFFENSE 527.100 52206 520,On View Arrest
Louisville Metro Police Department,2022-05-04,16,Male,Black,Not Hispanic Or Latino,46 WPNS LAW VIOLATION,POSSESSION OF DEFACED FIREARM 527.050 01504 520,On View Arrest
Louisville Metro Police Department,2022-05-04,17,Male,Black,Not Hispanic Or Latino,46 WPNS LAW VIOLATION,POSS HANDGUN BY MINOR 1ST OFFENSE 527.100 52206 520,On View Arrest
Louisville Metro Police Department,2022-05-05,17,Male,Black,Not Hispanic Or Latino,33 STOLEN PROPERTY,RECEIVING STOLEN PROPERTY (FIREARM) 514.110 28020 280,Taken Into Custody
Louisville Metro Police Department,2022-05-07,17,Male,Black,Not Hispanic Or Latino,46 WPNS LAW VIOLATION,POSS HANDGUN BY MINOR 1ST OFFENSE 527.100 52206 520,Taken Into Custody
Louisville Metro Police Department,2022-05-08,17,Male,Black,Not Hispanic Or Latino,46 WPNS LAW VIOLATION,CARRYING A CONCEALED DEADLY WEAPON 527.020 01501 520,Taken Into Custody
Louisville Metro Police Department,2022-05-08,17,Male,Black,Not Hispanic Or Latino,46 WPNS LAW VIOLATION,POSS HANDGUN BY MINOR 1ST OFFENSE 527.100 52206 520,Taken Into Custody
Louisville Metro Police Department,2022-05-09,17,Male,Black,Not Hispanic Or Latino,46 WPNS LAW VIOLATION,POSS HANDGUN BY MINOR 2ND OR > 527.100 52205 520,Taken Into Custody
Louisville Metro Police Department,2022-05-11,14,Female,Black,Not Hispanic Or Latino,46 WPNS LAW VIOLATION,POSS HANDGUN BY MINOR 1ST OFFENSE 527.100 52206 520,Taken Into Custody
Louisville Metro Police Department,2022-05-11,16,Male,Black,Not Hispanic Or Latino,46 WPNS LAW VIOLATION,POSS HANDGUN BY MINOR 1ST OFFENSE 527.100 52206 520,Taken Into Custody
Louisville Metro Police Department,2022-05-12,17,Male,White,Not Hispanic Or Latino,46 WPNS LAW VIOLATION,POSS HANDGUN BY MINOR 1ST OFFENSE 527.100 52206 520,Taken Into Custody
Louisville Metro Police Department,2022-05-12,17,Male,White,Not Hispanic Or Latino,33 STOLEN PROPERTY,RECEIVING STOLEN PROPERTY (FIREARM) 514.110 28020 280,Taken Into Custody
Louisville Metro Police Department,2022-05-13,13,Male,Black,Not Hispanic Or Latino,46 WPNS LAW VIOLATION,POSS HANDGUN BY MINOR 1ST OFFENSE 527.100 52206 520,Taken Into Custody
Louisville Metro Police Department,2022-05-13,16,Male,Black,Not Hispanic Or Latino,46 WPNS LAW VIOLATION,POSS HANDGUN BY MINOR 1ST OFFENSE 527.100 52206 520,Taken Into Custody
Louisville Metro Police Department,2022-05-13,16,Male,Black,Not Hispanic Or Latino,23 THEFT OTHER,TBUT OR DISP FIREARM 514.030 23100 23H,Taken Into Custody
Louisville Metro Police Department,2022-05-16,16,Male,Black,Not Hispanic Or Latino,46 WPNS LAW VIOLATION,CARRYING A CONCEALED DEADLY WEAPON 527.020 01501 520,Taken Into Custody
Louisville Metro Police Department,2022-05-16,16,Male,Black,Not Hispanic Or Latino,46 WPNS LAW VIOLATION,POSS HANDGUN BY MINOR 1ST OFFENSE 527.100 52206 520,Taken Into Custody
Louisville Metro Police Department,2022-05-19,15,Male,Black,Not Hispanic Or Latino,46 WPNS LAW VIOLATION,POSS HANDGUN BY MINOR 1ST OFFENSE 527.100 52206 520,On View Arrest
Louisville Metro Police Department,2022-05-19,15,Male,Black,Not Hispanic Or Latino,33 STOLEN PROPERTY,RECEIVING STOLEN PROPERTY (FIREARM) 514.110 28020 280,On View Arrest
Louisville Metro Police Department,2022-05-19,16,Male,Black,Not Hispanic Or Latino,46 WPNS LAW VIOLATION,POSS HANDGUN BY MINOR 1ST OFFENSE 527.100 52206 520,Taken Into Custody
Louisville Metro Police Department,2022-05-22,17,Male,Black,Not Hispanic Or Latino,46 WPNS LAW VIOLATION,CARRYING A CONCEALED DEADLY WEAPON 527.020 01501 520,Taken Into Custody
Louisville Metro Police Department,2022-05-22,17,Male,Black,Not Hispanic Or Latino,46 WPNS LAW VIOLATION,POSS HANDGUN BY MINOR 1ST OFFENSE 527.100 52206 520,Taken Into Custody
Louisville Metro Police Department,2022-05-26,17,Female,Black,Not Hispanic Or Latino,46 WPNS LAW VIOLATION,POSS HANDGUN BY MINOR 1ST OFFENSE 527.100 52206 520,Taken Into Custody
Louisville Metro Police Department,2022-05-27,16,Male,Black,Not Hispanic Or Latino,46 WPNS LAW VIOLATION,CARRYING A CONCEALED DEADLY WEAPON 527.020 01501 520,Taken Into Custody
Louisville Metro Police Department,2022-05-28,15,Male,White,Not Hispanic Or Latino,46 WPNS LAW VIOLATION,POSS HANDGUN BY MINOR 1ST OFFENSE 527.100 52206 520,Taken Into Custody
Louisville Metro Police Department,2022-05-29,14,Male,Black,Not Hispanic Or Latino,33 STOLEN PROPERTY,RECEIVING STOLEN PROPERTY (FIREARM) 514.110 28020 280,Taken Into Custody
Louisville Metro Police Department,2022-05-29,15,Male,Black,Not Hispanic Or Latino,33 STOLEN PROPERTY,RECEIVING STOLEN PROPERTY (FIREARM) 514.110 28020 280,Taken Into Custody
Louisville Metro Police Department,2022-06-06,17,Male,White,Hispanic Or Latino,46 WPNS LAW VIOLATION,POSS HANDGUN BY MINOR 1ST OFFENSE 527.100 52206 520,On View Arrest
Louisville Metro Police Department,2022-06-06,17,Male,White,Hispanic Or Latino,33 STOLEN PROPERTY,RECEIVING STOLEN PROPERTY (FIREARM) 514.110 28020 280,On View Arrest
Louisville Metro Police Department,2022-06-08,17,Male,Black,Not Hispanic Or Latino,46 WPNS LAW VIOLATION,CARRYING A CONCEALED DEADLY WEAPON 527.020 01501 520,Taken Into Custody
Louisville Metro Police Department,2022-06-08,17,Male,Black,Not Hispanic Or Latino,46 WPNS LAW VIOLATION,CARRYING A CONCEALED DEADLY WEAPON 527.020 01501 520,Taken Into Custody
Louisville Metro Police Department,2022-06-08,17,Male,Black,Not Hispanic Or Latino,46 WPNS LAW VIOLATION,POSS HANDGUN BY MINOR 1ST OFFENSE 527.100 52206 520,Taken Into Custody
Louisville Metro Police Department,2022-06-08,17,Male,Black,Not Hispanic Or Latino,46 WPNS LAW VIOLATION,POSS HANDGUN BY MINOR 1ST OFFENSE 527.100 52206 520,Taken Into Custody
Louisville Metro Police Department,2022-06-09,15,Male,Black,Not Hispanic Or Latino,46 WPNS LAW VIOLATION,POSS HANDGUN BY MINOR 1ST OFFENSE 527.100 52206 520,Taken Into Custody
Louisville Metro Police Department,2022-06-09,16,Male,White,Not Hispanic Or Latino,46 WPNS LAW VIOLATION,POSS HANDGUN BY MINOR 2ND OR > 527.100 52205 520,Taken Into Custody
Louisville Metro Police Department,2022-06-11,15,Male,White,Not Hispanic Or Latino,46 WPNS LAW VIOLATION,CARRYING A CONCEALED DEADLY WEAPON 527.020 01501 520,Summoned/Cited
Louisville Metro Police Department,2022-06-11,15,Male,White,Not Hispanic Or Latino,46 WPNS LAW VIOLATION,POSS HANDGUN BY MINOR 1ST OFFENSE 527.100 52206 520,Summoned/Cited
Louisville Metro Police Department,2022-06-11,16,Male,White,Not Hispanic Or Latino,46 WPNS LAW VIOLATION,CARRYING A CONCEALED DEADLY WEAPON 527.020 01501 520,Summoned/Cited
Louisville Metro Police Department,2022-06-11,16,Male,White,Not Hispanic Or Latino,46 WPNS LAW VIOLATION,POSS HANDGUN BY MINOR 1ST OFFENSE 527.100 52206 520,Summoned/Cited
Louisville Metro Police Department,2022-06-12,17,Male,Black,Not Hispanic Or Latino,46 WPNS LAW VIOLATION,POSS HANDGUN BY MINOR 1ST OFFENSE 527.100 52206 520,Taken Into Custody
Louisville Metro Police Department,2022-06-12,17,Male,Black,Not Hispanic Or Latino,46 WPNS LAW VIOLATION,POSS HANDGUN BY MINOR 1ST OFFENSE 527.100 52206 520,Taken Into Custody
Louisville Metro Police Department,2022-06-13,16,Male,Black,Not Hispanic Or Latino,46 WPNS LAW VIOLATION,POSS HANDGUN BY MINOR 1ST OFFENSE 527.100 52206 520,Taken Into Custody
Louisville Metro Police Department,2022-06-13,17,Male,White,Not Hispanic Or Latino,46 WPNS LAW VIOLATION,POSS HANDGUN BY MINOR 1ST OFFENSE 527.100 52206 520,Taken Into Custody
Louisville Metro Police Department,2022-06-15,17,Male,White,Not Hispanic Or Latino,46 WPNS LAW VIOLATION,POSS HANDGUN BY MINOR 1ST OFFENSE 527.100 52206 520,Summoned/Cited
Louisville Metro Police Department,2022-06-20,13,Male,Black,Not Hispanic Or Latino,46 WPNS LAW VIOLATION,POSS HANDGUN BY MINOR 1ST OFFENSE 527.100 52206 520,Taken Into Custody
Louisville Metro Police Department,2022-06-20,15,Male,White,Hispanic Or Latino,46 WPNS LAW VIOLATION,POSS HANDGUN BY MINOR 1ST OFFENSE 527.100 52206 520,Taken Into Custody
Louisville Metro Police Department,2022-06-23,17,Male,Black,Not Hispanic Or Latino,46 WPNS LAW VIOLATION,POSS HANDGUN BY MINOR 1ST OFFENSE 527.100 52206 520,Taken Into Custody
Louisville Metro Police Department,2022-06-23,17,Male,Black,Not Hispanic Or Latino,23 THEFT OTHER,TBUT OR DISP FIREARM 514.030 23100 23H,Taken Into Custody
Louisville Metro Police Department,2022-06-27,15,Male,Black,Not Hispanic Or Latino,46 WPNS LAW VIOLATION,CARRYING A CONCEALED DEADLY WEAPON 527.020 01501 520,On View Arrest
Louisville Metro Police Department,2022-06-27,15,Male,Black,Not Hispanic Or Latino,46 WPNS LAW VIOLATION,POSS HANDGUN BY MINOR 1ST OFFENSE 527.100 52206 520,On View Arrest
Louisville Metro Police Department,2022-06-27,15,Male,Black,Not Hispanic Or Latino,33 STOLEN PROPERTY,RECEIVING STOLEN PROPERTY (FIREARM) 514.110 28020 280,On View Arrest
Louisville Metro Police Department,2022-07-01,15,Male,Black,Not Hispanic Or Latino,46 WPNS LAW VIOLATION,POSS HANDGUN BY MINOR 1ST OFFENSE 527.100 52206 520,Summoned/Cited
Louisville Metro Police Department,2022-07-05,14,Male,Black,Not Hispanic Or Latino,46 WPNS LAW VIOLATION,POSS HANDGUN BY MINOR 1ST OFFENSE 527.100 52206 520,Taken Into Custody
Louisville Metro Police Department,2022-07-05,15,Male,Black,Not Hispanic Or Latino,46 WPNS LAW VIOLATION,POSS HANDGUN BY MINOR 2ND OR > 527.100 52205 520,Taken Into Custody
Louisville Metro Police Department,2022-07-06,17,Male,White,Not Hispanic Or Latino,33 STOLEN PROPERTY,RECEIVING STOLEN PROPERTY (FIREARM) 514.110 28020 280,Summoned/Cited
Louisville Metro Police Department,2022-07-07,16,Male,Black,Not Hispanic Or Latino,46 WPNS LAW VIOLATION,POSS HANDGUN BY MINOR 1ST OFFENSE 527.100 52206 520,On View Arrest
Louisville Metro Police Department,2022-07-07,16,Male,Black,Not Hispanic Or Latino,46 WPNS LAW VIOLATION,POSS HANDGUN BY MINOR 1ST OFFENSE 527.100 52206 520,On View Arrest
Louisville Metro Police Department,2022-07-07,17,Male,Black,Not Hispanic Or Latino,46 WPNS LAW VIOLATION,POSS HANDGUN BY MINOR 1ST OFFENSE 527.100 52206 520,On View Arrest
Louisville Metro Police Department,2022-07-07,17,Male,Black,Not Hispanic Or Latino,46 WPNS LAW VIOLATION,POSS HANDGUN BY MINOR 1ST OFFENSE 527.100 52206 520,On View Arrest
Louisville Metro Police Department,2022-07-09,16,Male,White,Unknown,46 WPNS LAW VIOLATION,POSS HANDGUN BY MINOR 1ST OFFENSE 527.100 52206 520,On View Arrest
Louisville Metro Police Department,2022-07-11,16,Male,Black,Not Hispanic Or Latino,46 WPNS LAW VIOLATION,POSS HANDGUN BY MINOR 1ST OFFENSE 527.100 52206 520,Taken Into Custody
Louisville Metro Police Department,2022-07-12,17,Male,Black,Not Hispanic Or Latino,46 WPNS LAW VIOLATION,POSS HANDGUN BY MINOR 1ST OFFENSE 527.100 52206 520,On View Arrest
Louisville Metro Police Department,2022-07-12,17,Male,Black,Not Hispanic Or Latino,46 WPNS LAW VIOLATION,UNLAWFUL POSSESSION OF WEAPON ON SCHOOL PROPERTY 527.070 52204 520,On View Arrest
Louisville Metro Police Department,2022-07-13,16,Male,Black,Not Hispanic Or Latino,46 WPNS LAW VIOLATION,POSS HANDGUN BY MINOR 1ST OFFENSE 527.100 52206 520,Taken Into Custody
Louisville Metro Police Department,2022-07-13,16,Male,Black,Not Hispanic Or Latino,23 THEFT OTHER,TBUT OR DISP FIREARM 514.030 23100 23H,Taken Into Custody
Louisville Metro Police Department,2022-07-15,16,Male,Black,Not Hispanic Or Latino,46 WPNS LAW VIOLATION,POSS HANDGUN BY MINOR 1ST OFFENSE 527.100 52206 520,Taken Into Custody
Louisville Metro Police Department,2022-07-16,16,Male,White,Not Hispanic Or Latino,46 WPNS LAW VIOLATION,POSS HANDGUN BY MINOR 1ST OFFENSE 527.100 52206 520,Taken Into Custody
Louisville Metro Police Department,2022-07-16,16,Male,White,Not Hispanic Or Latino,46 WPNS LAW VIOLATION,POSS HANDGUN BY MINOR 1ST OFFENSE 527.100 52206 520,Taken Into Custody
Louisville Metro Police Department,2022-07-16,16,Male,White,Not Hispanic Or Latino,33 STOLEN PROPERTY,RECEIVING STOLEN PROPERTY (FIREARM) 514.110 28020 280,Taken Into Custody
Louisville Metro Police Department,2022-07-16,17,Male,White,Hispanic Or Latino,46 WPNS LAW VIOLATION,POSS HANDGUN BY MINOR 1ST OFFENSE 527.100 52206 520,Taken Into Custody
Louisville Metro Police Department,2022-07-16,17,Male,White,Not Hispanic Or Latino,46 WPNS LAW VIOLATION,POSS HANDGUN BY MINOR 1ST OFFENSE 527.100 52206 520,Summoned/Cited
Louisville Metro Police Department,2022-07-16,17,Male,White,Hispanic Or Latino,33 STOLEN PROPERTY,RECEIVING STOLEN PROPERTY (FIREARM) 514.110 28020 280,Taken Into Custody
Louisville Metro Police Department,2022-07-21,17,Male,Black,Not Hispanic Or Latino,33 STOLEN PROPERTY,RECEIVING STOLEN PROPERTY (FIREARM) 514.110 28020 280,On View Arrest
Louisville Metro Police Department,2022-07-22,16,Male,Black,Not Hispanic Or Latino,46 WPNS LAW VIOLATION,POSS HANDGUN BY MINOR 1ST OFFENSE 527.100 52206 520,On View Arrest
Louisville Metro Police Department,2022-07-22,16,Male,Black,Not Hispanic Or Latino,33 STOLEN PROPERTY,RECEIVING STOLEN PROPERTY (FIREARM) 514.110 28020 280,On View Arrest
Louisville Metro Police Department,2022-07-22,17,Male,Black,Not Hispanic Or Latino,46 WPNS LAW VIOLATION,POSS HANDGUN BY MINOR 2ND OR > 527.100 52205 520,Taken Into Custody
Louisville Metro Police Department,2022-07-25,13,Male,Black,Not Hispanic Or Latino,46 WPNS LAW VIOLATION,POSS HANDGUN BY MINOR 1ST OFFENSE 527.100 52206 520,Taken Into Custody
Louisville Metro Police Department,2022-07-25,13,Male,Black,Not Hispanic Or Latino,46 WPNS LAW VIOLATION,POSS HANDGUN BY MINOR 1ST OFFENSE 527.100 52206 520,Taken Into Custody
Louisville Metro Police Department,2022-07-25,13,Male,Black,Not Hispanic Or Latino,33 STOLEN PROPERTY,RECEIVING STOLEN PROPERTY (FIREARM) 514.110 28020 280,Taken Into Custody
Louisville Metro Police Department,2022-07-25,13,Male,Black,Not Hispanic Or Latino,33 STOLEN PROPERTY,RECEIVING STOLEN PROPERTY (FIREARM) 514.110 28020 280,Taken Into Custody
Louisville Metro Police Department,2022-07-26,14,Male,Black,Not Hispanic Or Latino,46 WPNS LAW VIOLATION,POSS HANDGUN BY MINOR 2ND OR > 527.100 52205 520,Taken Into Custody
Louisville Metro Police Department,2022-07-27,14,Male,Black,Not Hispanic Or Latino,46 WPNS LAW VIOLATION,CARRYING A CONCEALED DEADLY WEAPON 527.020 01501 520,Taken Into Custody
Louisville Metro Police Department,2022-07-27,14,Male,Black,Not Hispanic Or Latino,46 WPNS LAW VIOLATION,POSS HANDGUN BY MINOR 1ST OFFENSE 527.100 52206 520,Taken Into Custody
Louisville Metro Police Department,2022-07-27,14,Male,Black,Not Hispanic Or Latino,46 WPNS LAW VIOLATION,POSS HANDGUN BY MINOR 1ST OFFENSE 527.100 52206 520,Taken Into Custody
Louisville Metro Police Department,2022-07-27,15,Male,Black,Not Hispanic Or Latino,46 WPNS LAW VIOLATION,POSS HANDGUN BY MINOR 1ST OFFENSE 527.100 52206 520,Taken Into Custody
Louisville Metro Police Department,2022-07-30,16,Male,Black,Not Hispanic Or Latino,46 WPNS LAW VIOLATION,POSS HANDGUN BY MINOR 1ST OFFENSE 527.100 52206 520,Taken Into Custody
Louisville Metro Police Department,2022-07-30,16,Male,Black,Not Hispanic Or Latino,33 STOLEN PROPERTY,RECEIVING STOLEN PROPERTY (FIREARM) 514.110 28020 280,Taken Into Custody
Louisville Metro Police Department,2022-07-30,17,Male,Black,Not Hispanic Or Latino,46 WPNS LAW VIOLATION,POSS HANDGUN BY MINOR 1ST OFFENSE 527.100 52206 520,On View Arrest
Louisville Metro Police Department,2022-07-31,16,Male,Black,Not Hispanic Or Latino,46 WPNS LAW VIOLATION,POSS HANDGUN BY MINOR 1ST OFFENSE 527.100 52206 520,On View Arrest
Louisville Metro Police Department,2022-07-31,16,Male,Black,Not Hispanic Or Latino,33 STOLEN PROPERTY,RECEIVING STOLEN PROPERTY (FIREARM) 514.110 28020 280,On View Arrest
Louisville Metro Police Department,2022-08-02,17,Male,Black,Not Hispanic Or Latino,46 WPNS LAW VIOLATION,POSS HANDGUN BY MINOR 1ST OFFENSE 527.100 52206 520,On View Arrest
Louisville Metro Police Department,2022-08-06,15,Male,Black,Not Hispanic Or Latino,46 WPNS LAW VIOLATION,POSS HANDGUN BY MINOR 1ST OFFENSE 527.100 52206 520,Taken Into Custody
Louisville Metro Police Department,2022-08-06,15,Male,Black,Not Hispanic Or Latino,23 THEFT OTHER,TBUT OR DISP FIREARM 514.030 23100 23H,Taken Into Custody
Louisville Metro Police Department,2022-08-06,16,Male,Black,Not Hispanic Or Latino,46 WPNS LAW VIOLATION,POSS HANDGUN BY MINOR 1ST OFFENSE 527.100 52206 520,Taken Into Custody
Louisville Metro Police Department,2022-08-06,16,Male,Black,Not Hispanic Or Latino,33 STOLEN PROPERTY,RECEIVING STOLEN PROPERTY (FIREARM) 514.110 28020 280,Taken Into Custody
Louisville Metro Police Department,2022-08-09,16,Male,Black,Not Hispanic Or Latino,46 WPNS LAW VIOLATION,POSS HANDGUN BY MINOR 1ST OFFENSE 527.100 52206 520,Taken Into Custody
Louisville Metro Police Department,2022-08-14,16,Male,Black,Not Hispanic Or Latino,46 WPNS LAW VIOLATION,POSS HANDGUN BY MINOR 1ST OFFENSE 527.100 52206 520,Taken Into Custody
Louisville Metro Police Department,2022-08-16,15,Male,Black,Not Hispanic Or Latino,46 WPNS LAW VIOLATION,CARRYING A CONCEALED DEADLY WEAPON 527.020 01501 520,Taken Into Custody
Louisville Metro Police Department,2022-08-18,16,Male,Black,Not Hispanic Or Latino,46 WPNS LAW VIOLATION,POSS HANDGUN BY MINOR 1ST OFFENSE 527.100 52206 520,On View Arrest
Louisville Metro Police Department,2022-08-18,16,Male,Black,Not Hispanic Or Latino,46 WPNS LAW VIOLATION,POSS HANDGUN BY MINOR 1ST OFFENSE 527.100 52206 520,On View Arrest
Louisville Metro Police Department,2022-08-18,17,Male,White,Not Hispanic Or Latino,46 WPNS LAW VIOLATION,CARRYING A CONCEALED DEADLY WEAPON 527.020 01501 520,Taken Into Custody
Louisville Metro Police Department,2022-08-18,17,Male,White,Not Hispanic Or Latino,46 WPNS LAW VIOLATION,POSS HANDGUN BY MINOR 2ND OR > 527.100 52205 520,Taken Into Custody
Louisville Metro Police Department,2022-08-24,15,Male,Black,Not Hispanic Or Latino,46 WPNS LAW VIOLATION,CARRYING A CONCEALED DEADLY WEAPON 527.020 01501 520,On View Arrest
Louisville Metro Police Department,2022-08-24,15,Male,Black,Not Hispanic Or Latino,46 WPNS LAW VIOLATION,POSS HANDGUN BY MINOR 1ST OFFENSE 527.100 52206 520,On View Arrest
Louisville Metro Police Department,2022-08-24,15,Male,Black,Not Hispanic Or Latino,33 STOLEN PROPERTY,RECEIVING STOLEN PROPERTY (FIREARM) 514.110 28020 280,On View Arrest
Louisville Metro Police Department,2022-08-24,16,Male,Black,Not Hispanic Or Latino,46 WPNS LAW VIOLATION,CARRYING A CONCEALED DEADLY WEAPON 527.020 01501 520,Taken Into Custody
Louisville Metro Police Department,2022-08-24,16,Male,Black,Not Hispanic Or Latino,46 WPNS LAW VIOLATION,POSS HANDGUN BY MINOR 1ST OFFENSE 527.100 52206 520,Taken Into Custody
Louisville Metro Police Department,2022-08-25,17,Male,Black,Not Hispanic Or Latino,23 THEFT OTHER,TBUT OR DISP FIREARM 514.030 23100 23H,Taken Into Custody
Louisville Metro Police Department,2022-08-28,15,Male,White,Not Hispanic Or Latino,46 WPNS LAW VIOLATION,CARRYING A CONCEALED DEADLY WEAPON 527.020 01501 520,On View Arrest
Louisville Metro Police Department,2022-08-28,15,Male,White,Not Hispanic Or Latino,46 WPNS LAW VIOLATION,POSS HANDGUN BY MINOR 1ST OFFENSE 527.100 52206 520,On View Arrest
Louisville Metro Police Department,2022-08-28,15,Male,White,Not Hispanic Or Latino,33 STOLEN PROPERTY,RECEIVING STOLEN PROPERTY (FIREARM) 514.110 28020 280,On View Arrest
Louisville Metro Police Department,2022-09-06,17,Male,Black,Not Hispanic Or Latino,46 WPNS LAW VIOLATION,POSS HANDGUN BY MINOR 2ND OR > 527.100 52205 520,Taken Into Custody
Louisville Metro Police Department,2022-09-21,16,Male,Black,Not Hispanic Or Latino,46 WPNS LAW VIOLATION,POSS HANDGUN BY MINOR 1ST OFFENSE 527.100 52206 520,Taken Into Custody
Louisville Metro Police Department,2022-09-23,15,Male,Black,Not Hispanic Or Latino,46 WPNS LAW VIOLATION,POSS HANDGUN BY MINOR 1ST OFFENSE 527.100 52206 520,Taken Into Custody
Louisville Metro Police Department,2022-09-25,14,Male,Black,Not Hispanic Or Latino,46 WPNS LAW VIOLATION,POSS HANDGUN BY MINOR 1ST OFFENSE 527.100 52206 520,On View Arrest
Louisville Metro Police Department,2022-09-25,14,Male,Black,Not Hispanic Or Latino,46 WPNS LAW VIOLATION,POSS HANDGUN BY MINOR 1ST OFFENSE 527.100 52206 520,On View Arrest
Louisville Metro Police Department,2022-09-25,15,Male,Black,Not Hispanic Or Latino,46 WPNS LAW VIOLATION,CARRYING A CONCEALED DEADLY WEAPON 527.020 01501 520,On View Arrest
Louisville Metro Police Department,2022-09-25,15,Male,Black,Not Hispanic Or Latino,46 WPNS LAW VIOLATION,POSS HANDGUN BY MINOR 1ST OFFENSE 527.100 52206 520,On View Arrest
Louisville Metro Police Department,2022-09-25,17,Male,Black,Not Hispanic Or Latino,46 WPNS LAW VIOLATION,CARRYING A CONCEALED DEADLY WEAPON 527.020 01501 520,On View Arrest
Louisville Metro Police Department,2022-09-25,17,Male,Black,Not Hispanic Or Latino,46 WPNS LAW VIOLATION,POSS HANDGUN BY MINOR 1ST OFFENSE 527.100 52206 520,On View Arrest
Louisville Metro Police Department,2022-09-26,16,Male,White,Not Hispanic Or Latino,46 WPNS LAW VIOLATION,CARRYING A CONCEALED DEADLY WEAPON 527.020 01501 520,Taken Into Custody
Louisville Metro Police Department,2022-09-26,16,Male,White,Not Hispanic Or Latino,46 WPNS LAW VIOLATION,POSS HANDGUN BY MINOR 2ND OR > 527.100 52205 520,Taken Into Custody
Louisville Metro Police Department,2022-09-26,16,Male,White,Not Hispanic Or Latino,46 WPNS LAW VIOLATION,POSSESSION OF HANDGUN BY CONVICTED FELON 527.040 52197 520,Taken Into Custody
Louisville Metro Police Department,2022-09-30,14,Male,White,Not Hispanic Or Latino,46 WPNS LAW VIOLATION,POSS HANDGUN BY MINOR 1ST OFFENSE 527.100 52206 520,Taken Into Custody
Louisville Metro Police Department,2022-10-03,16,Male,Black,Not Hispanic Or Latino,46 WPNS LAW VIOLATION,POSS HANDGUN BY MINOR 1ST OFFENSE 527.100 52206 520,Taken Into Custody
Louisville Metro Police Department,2022-10-03,16,Male,White,Not Hispanic Or Latino,46 WPNS LAW VIOLATION,POSS HANDGUN BY MINOR 1ST OFFENSE 527.100 52206 520,Taken Into Custody
Louisville Metro Police Department,2022-10-08,17,Male,Black,Not Hispanic Or Latino,46 WPNS LAW VIOLATION,POSS HANDGUN BY MINOR 1ST OFFENSE 527.100 52206 520,Taken Into Custody
Louisville Metro Police Department,2022-10-09,16,Male,Black,Not Hispanic Or Latino,46 WPNS LAW VIOLATION,POSS HANDGUN BY MINOR 1ST OFFENSE 527.100 52206 520,On View Arrest
Louisville Metro Police Department,2022-10-09,16,Male,Black,Not Hispanic Or Latino,33 STOLEN PROPERTY,RECEIVING STOLEN PROPERTY (FIREARM) 514.110 28020 280,On View Arrest
Louisville Metro Police Department,2022-10-09,17,Male,Black,Not Hispanic Or Latino,46 WPNS LAW VIOLATION,POSS HANDGUN BY MINOR 1ST OFFENSE 527.100 52206 520,On View Arrest
Louisville Metro Police Department,2022-10-16,14,Male,Black,Not Hispanic Or Latino,23 THEFT OTHER,TBUT OR DISP FIREARM 514.030 23100 23H,On View Arrest
Louisville Metro Police Department,2022-10-16,17,Male,Black,Not Hispanic Or Latino,23 THEFT OTHER,TBUT OR DISP FIREARM 514.030 23100 23H,On View Arrest
Louisville Metro Police Department,2022-10-16,17,Male,Black,Not Hispanic Or Latino,23 THEFT OTHER,TBUT OR DISP FIREARM 514.030 23100 23H,On View Arrest
Louisville Metro Police Department,2022-10-17,14,Male,Black,Not Hispanic Or Latino,46 WPNS LAW VIOLATION,POSS HANDGUN BY MINOR 1ST OFFENSE 527.100 52206 520,Taken Into Custody
Louisville Metro Police Department,2022-10-26,15,Male,Black,Not Hispanic Or Latino,46 WPNS LAW VIOLATION,POSS HANDGUN BY MINOR 1ST OFFENSE 527.100 52206 520,On View Arrest
Louisville Metro Police Department,2022-10-30,15,Male,Black,Not Hispanic Or Latino,46 WPNS LAW VIOLATION,POSS HANDGUN BY MINOR 2ND OR > 527.100 52205 520,Taken Into Custody
Louisville Metro Police Department,2022-11-01,15,Male,Black,Not Hispanic Or Latino,46 WPNS LAW VIOLATION,POSS HANDGUN BY MINOR 2ND OR > 527.100 52205 520,Taken Into Custody
Louisville Metro Police Department,2022-11-01,16,Male,Black,Not Hispanic Or Latino,46 WPNS LAW VIOLATION,POSS HANDGUN BY MINOR 1ST OFFENSE 527.100 52206 520,Taken Into Custody
Louisville Metro Police Department,2022-11-01,17,Male,Black,Not Hispanic Or Latino,46 WPNS LAW VIOLATION,POSS HANDGUN BY MINOR 1ST OFFENSE 527.100 52206 520,Taken Into Custody
Louisville Metro Police Department,2022-11-02,16,Male,Black,Not Hispanic Or Latino,46 WPNS LAW VIOLATION,POSS HANDGUN BY MINOR 1ST OFFENSE 527.100 52206 520,Taken Into Custody
Louisville Metro Police Department,2022-11-06,17,Male,Black,Not Hispanic Or Latino,46 WPNS LAW VIOLATION,CARRYING A CONCEALED DEADLY WEAPON 527.020 01501 520,Taken Into Custody
Louisville Metro Police Department,2022-11-06,17,Male,Black,Not Hispanic Or Latino,46 WPNS LAW VIOLATION,CARRYING A CONCEALED DEADLY WEAPON 527.020 01501 520,Summoned/Cited
Louisville Metro Police Department,2022-11-06,17,Male,Black,Not Hispanic Or Latino,46 WPNS LAW VIOLATION,POSS HANDGUN BY MINOR 1ST OFFENSE 527.100 52206 520,Taken Into Custody
Louisville Metro Police Department,2022-11-06,17,Male,Black,Not Hispanic Or Latino,46 WPNS LAW VIOLATION,POSS HANDGUN BY MINOR 1ST OFFENSE 527.100 52206 520,Taken Into Custody
Louisville Metro Police Department,2022-11-06,17,Male,Black,Not Hispanic Or Latino,46 WPNS LAW VIOLATION,POSS HANDGUN BY MINOR 1ST OFFENSE 527.100 52206 520,Summoned/Cited
Louisville Metro Police Department,2022-11-07,17,Male,Black,Not Hispanic Or Latino,46 WPNS LAW VIOLATION,CARRYING A CONCEALED DEADLY WEAPON 527.020 01501 520,Taken Into Custody
Louisville Metro Police Department,2022-11-08,15,Male,Black,Not Hispanic Or Latino,46 WPNS LAW VIOLATION,POSS HANDGUN BY MINOR 1ST OFFENSE 527.100 52206 520,On View Arrest
Louisville Metro Police Department,2022-11-08,15,Male,Black,Not Hispanic Or Latino,46 WPNS LAW VIOLATION,POSS HANDGUN BY MINOR 1ST OFFENSE 527.100 52206 520,On View Arrest
Louisville Metro Police Department,2022-11-08,15,Male,Black,Not Hispanic Or Latino,46 WPNS LAW VIOLATION,POSS HANDGUN BY MINOR 1ST OFFENSE 527.100 52206 520,Taken Into Custody
Louisville Metro Police Department,2022-11-08,15,Male,Black,Not Hispanic Or Latino,46 WPNS LAW VIOLATION,POSS HANDGUN BY MINOR 1ST OFFENSE 527.100 52206 520,Taken Into Custody
Louisville Metro Police Department,2022-11-08,15,Male,Black,Not Hispanic Or Latino,46 WPNS LAW VIOLATION,POSS HANDGUN BY MINOR 1ST OFFENSE 527.100 52206 520,Taken Into Custody
Louisville Metro Police Department,2022-11-08,15,Male,Black,Not Hispanic Or Latino,33 STOLEN PROPERTY,RECEIVING STOLEN PROPERTY (FIREARM) 514.110 28020 280,Taken Into Custody
Louisville Metro Police Department,2022-11-11,15,Male,White,Not Hispanic Or Latino,33 STOLEN PROPERTY,RECEIVING STOLEN PROPERTY (FIREARM) 514.110 28020 280,On View Arrest
Louisville Metro Police Department,2022-11-13,16,Male,Black,Not Hispanic Or Latino,46 WPNS LAW VIOLATION,POSS HANDGUN BY MINOR 1ST OFFENSE 527.100 52206 520,Taken Into Custody
Louisville Metro Police Department,2022-11-15,15,Male,Black,Not Hispanic Or Latino,46 WPNS LAW VIOLATION,POSS HANDGUN BY MINOR 1ST OFFENSE 527.100 52206 520,Taken Into Custody
Louisville Metro Police Department,2022-11-16,13,Male,Black,Not Hispanic Or Latino,46 WPNS LAW VIOLATION,CARRYING A CONCEALED DEADLY WEAPON 527.020 01501 520,Taken Into Custody
Louisville Metro Police Department,2022-11-16,13,Male,Black,Not Hispanic Or Latino,46 WPNS LAW VIOLATION,POSS HANDGUN BY MINOR 1ST OFFENSE 527.100 52206 520,Taken Into Custody
Louisville Metro Police Department,2022-11-21,17,Male,Black,Not Hispanic Or Latino,46 WPNS LAW VIOLATION,CARRYING A CONCEALED DEADLY WEAPON 527.020 01501 520,Taken Into Custody
Louisville Metro Police Department,2022-11-22,15,Male,Black,Not Hispanic Or Latino,46 WPNS LAW VIOLATION,POSS HANDGUN BY MINOR 2ND OR > 527.100 52205 520,Taken Into Custody
Louisville Metro Police Department,2022-11-22,15,Male,Black,Not Hispanic Or Latino,46 WPNS LAW VIOLATION,POSS HANDGUN BY MINOR 2ND OR > 527.100 52205 520,Taken Into Custody
Louisville Metro Police Department,2022-11-26,15,Male,Black,Not Hispanic Or Latino,46 WPNS LAW VIOLATION,CARRYING A CONCEALED DEADLY WEAPON 527.020 01501 520,Taken Into Custody
Louisville Metro Police Department,2022-11-26,15,Male,Black,Not Hispanic Or Latino,33 STOLEN PROPERTY,RECEIVING STOLEN PROPERTY (FIREARM) 514.110 28020 280,Taken Into Custody
Louisville Metro Police Department,2022-11-26,16,Male,Black,Not Hispanic Or Latino,46 WPNS LAW VIOLATION,CARRYING A CONCEALED DEADLY WEAPON 527.020 01501 520,Taken Into Custody
Louisville Metro Police Department,2022-11-26,16,Male,Black,Not Hispanic Or Latino,33 STOLEN PROPERTY,RECEIVING STOLEN PROPERTY (FIREARM) 514.110 28020 280,Taken Into Custody
Louisville Metro Police Department,2022-11-28,16,Male,Black,Not Hispanic Or Latino,46 WPNS LAW VIOLATION,POSS HANDGUN BY MINOR 1ST OFFENSE 527.100 52206 520,Taken Into Custody
Louisville Metro Police Department,2022-11-30,17,Male,Black,Not Hispanic Or Latino,46 WPNS LAW VIOLATION,POSS HANDGUN BY MINOR 1ST OFFENSE 527.100 52206 520,Summoned/Cited
Louisville Metro Police Department,2022-12-07,13,Male,Black,Not Hispanic Or Latino,46 WPNS LAW VIOLATION,POSS HANDGUN BY MINOR 1ST OFFENSE 527.100 52206 520,Taken Into Custody
Louisville Metro Police Department,2022-12-07,13,Male,Black,Not Hispanic Or Latino,33 STOLEN PROPERTY,RECEIVING STOLEN PROPERTY (FIREARM) 514.110 28020 280,Taken Into Custody
Louisville Metro Police Department,2022-12-09,15,Male,Black,Not Hispanic Or Latino,46 WPNS LAW VIOLATION,POSS HANDGUN BY MINOR 1ST OFFENSE 527.100 52206 520,Taken Into Custody
Louisville Metro Police Department,2022-12-09,16,Male,Black,Not Hispanic Or Latino,46 WPNS LAW VIOLATION,POSS HANDGUN BY MINOR 1ST OFFENSE 527.100 52206 520,Taken Into Custody
Louisville Metro Police Department,2022-12-13,14,Male,Black,Not Hispanic Or Latino,46 WPNS LAW VIOLATION,POSS HANDGUN BY MINOR 1ST OFFENSE 527.100 52206 520,Taken Into Custody
Louisville Metro Police Department,2022-12-13,14,Male,Black,Not Hispanic Or Latino,33 STOLEN PROPERTY,RECEIVING STOLEN PROPERTY (FIREARM) 514.110 28020 280,Taken Into Custody
Louisville Metro Police Department,2022-12-13,15,Male,Black,Not Hispanic Or Latino,46 WPNS LAW VIOLATION,POSS HANDGUN BY MINOR 1ST OFFENSE 527.100 52206 520,Taken Into Custody
Louisville Metro Police Department,2022-12-13,15,Male,Black,Not Hispanic Or Latino,46 WPNS LAW VIOLATION,POSS HANDGUN BY MINOR 1ST OFFENSE 527.100 52206 520,Taken Into Custody
Louisville Metro Police Department,2022-12-13,15,Male,Black,Not Hispanic Or Latino,33 STOLEN PROPERTY,RECEIVING STOLEN PROPERTY (FIREARM) 514.110 28020 280,Taken Into Custody
Louisville Metro Police Department,2022-12-13,15,Male,Black,Not Hispanic Or Latino,33 STOLEN PROPERTY,RECEIVING STOLEN PROPERTY (FIREARM) 514.110 28020 280,Taken Into Custody
Louisville Metro Police Department,2022-12-13,15,Male,White,Not Hispanic Or Latino,46 WPNS LAW VIOLATION,POSS HANDGUN BY MINOR 1ST OFFENSE 527.100 52206 520,Taken Into Custody
Louisville Metro Police Department,2022-12-13,15,Male,White,Not Hispanic Or Latino,33 STOLEN PROPERTY,RECEIVING STOLEN PROPERTY (FIREARM) 514.110 28020 280,Taken Into Custody
Louisville Metro Police Department,2022-12-13,17,Male,White,Not Hispanic Or Latino,46 WPNS LAW VIOLATION,POSS HANDGUN BY MINOR 1ST OFFENSE 527.100 52206 520,Taken Into Custody
Louisville Metro Police Department,2022-12-14,17,Male,Black,Not Hispanic Or Latino,46 WPNS LAW VIOLATION,POSS HANDGUN BY MINOR 1ST OFFENSE 527.100 52206 520,Taken Into Custody
Louisville Metro Police Department,2022-12-16,16,Female,White,Not Hispanic Or Latino,46 WPNS LAW VIOLATION,POSSESSION OF FIREARM BY CONVICTED FELON 527.040 52196 520,Taken Into Custody
Louisville Metro Police Department,2022-12-16,16,Female,White,Not Hispanic Or Latino,33 STOLEN PROPERTY,RECEIVING STOLEN PROPERTY (FIREARM) 514.110 28020 280,Taken Into Custody
Louisville Metro Police Department,2022-12-16,16,Female,White,Not Hispanic Or Latino,46 WPNS LAW VIOLATION,USING RESTRICTED AMMO DURING A FELONY (NO SHOTS) 527.080(2)(A) 02549 520,Taken Into Custody
Louisville Metro Police Department,2022-12-29,16,Male,White,Not Hispanic Or Latino,46 WPNS LAW VIOLATION,POSS HANDGUN BY MINOR 1ST OFFENSE 527.100 52206 520,Taken Into Custody
Louisville Metro Police Department,2022-12-29,16,Male,White,Not Hispanic Or Latino,33 STOLEN PROPERTY,RECEIVING STOLEN PROPERTY (FIREARM) 514.110 28020 280,Taken Into Custody
Louisville Metro Police Department,2023-01-01,17,Male,Black,Not Hispanic Or Latino,46 WPNS LAW VIOLATION,POSS HANDGUN BY MINOR 1ST OFFENSE 527.100 52206 520,On View Arrest
Louisville Metro Police Department,2023-01-02,16,Male,Black,Not Hispanic Or Latino,46 WPNS LAW VIOLATION,POSS HANDGUN BY MINOR 1ST OFFENSE 527.100 52206 520,On View Arrest
Louisville Metro Police Department,2023-01-03,16,Male,Black,Not Hispanic Or Latino,46 WPNS LAW VIOLATION,POSS HANDGUN BY MINOR 1ST OFFENSE 527.100 52206 520,On View Arrest
Louisville Metro Police Department,2023-01-03,16,Male,Black,Not Hispanic Or Latino,33 STOLEN PROPERTY,RECEIVING STOLEN PROPERTY (FIREARM) 514.110 28020 280,On View Arrest
Louisville Metro Police Department,2023-01-05,15,Male,Black,Not Hispanic Or Latino,33 STOLEN PROPERTY,RECEIVING STOLEN PROPERTY (FIREARM) 514.110 28020 280,On View Arrest
Louisville Metro Police Department,2023-01-10,16,Male,Black,Not Hispanic Or Latino,46 WPNS LAW VIOLATION,POSS HANDGUN BY MINOR 1ST OFFENSE 527.100 52206 520,Taken Into Custody
Louisville Metro Police Department,2023-01-29,17,Male,Black,Not Hispanic Or Latino,46 WPNS LAW VIOLATION,CARRYING A CONCEALED DEADLY WEAPON 527.020 01501 520,Taken Into Custody
Louisville Metro Police Department,2023-01-29,17,Male,Black,Not Hispanic Or Latino,46 WPNS LAW VIOLATION,POSS HANDGUN BY MINOR 1ST OFFENSE 527.100 52206 520,Taken Into Custody
Louisville Metro Police Department,2023-01-29,17,Male,Black,Not Hispanic Or Latino,46 WPNS LAW VIOLATION,POSS HANDGUN BY MINOR 1ST OFFENSE 527.100 52206 520,Taken Into Custody
Louisville Metro Police Department,2023-01-29,17,Male,Black,Not Hispanic Or Latino,33 STOLEN PROPERTY,RECEIVING STOLEN PROPERTY (FIREARM) 514.110 28020 280,Taken Into Custody
Louisville Metro Police Department,2023-02-01,17,Male,Black,Not Hispanic Or Latino,46 WPNS LAW VIOLATION,POSS HANDGUN BY MINOR 1ST OFFENSE 527.100 52206 520,On View Arrest
Louisville Metro Police Department,2023-02-01,17,Male,Black,Not Hispanic Or Latino,33 STOLEN PROPERTY,RECEIVING STOLEN PROPERTY (FIREARM) 514.110 28020 280,On View Arrest
Louisville Metro Police Department,2023-02-02,15,Male,Black,Not Hispanic Or Latino,46 WPNS LAW VIOLATION,CARRYING A CONCEALED DEADLY WEAPON 527.020 01501 520,Taken Into Custody
Louisville Metro Police Department,2023-02-02,15,Male,Black,Not Hispanic Or Latino,46 WPNS LAW VIOLATION,POSS HANDGUN BY MINOR 1ST OFFENSE 527.100 52206 520,Taken Into Custody
Louisville Metro Police Department,2023-02-07,17,Male,Black,Not Hispanic Or Latino,46 WPNS LAW VIOLATION,POSS HANDGUN BY MINOR 1ST OFFENSE 527.100 52206 520,Taken Into Custody
Louisville Metro Police Department,2023-02-08,15,Male,White,Not Hispanic Or Latino,46 WPNS LAW VIOLATION,POSS HANDGUN BY MINOR 1ST OFFENSE 527.100 52206 520,Taken Into Custody
Louisville Metro Police Department,2023-02-10,16,Male,White,Not Hispanic Or Latino,46 WPNS LAW VIOLATION,POSS HANDGUN BY MINOR 1ST OFFENSE 527.100 52206 520,On View Arrest
Louisville Metro Police Department,2023-02-13,13,Male,Black,Not Hispanic Or Latino,46 WPNS LAW VIOLATION,POSS HANDGUN BY MINOR 1ST OFFENSE 527.100 52206 520,On View Arrest
Louisville Metro Police Department,2023-02-13,13,Male,Black,Not Hispanic Or Latino,46 WPNS LAW VIOLATION,UNLAWFUL POSSESSION OF WEAPON ON SCHOOL PROPERTY 527.070 52204 520,On View Arrest
Louisville Metro Police Department,2023-02-13,14,Male,Black,Not Hispanic Or Latino,46 WPNS LAW VIOLATION,POSS HANDGUN BY MINOR 1ST OFFENSE 527.100 52206 520,On View Arrest
Louisville Metro Police Department,2023-02-13,14,Male,Black,Not Hispanic Or Latino,33 STOLEN PROPERTY,RECEIVING STOLEN PROPERTY (FIREARM) 514.110 28020 280,On View Arrest
Louisville Metro Police Department,2023-02-13,16,Male,Black,Not Hispanic Or Latino,33 STOLEN PROPERTY,RECEIVING STOLEN PROPERTY (FIREARM) 514.110 28020 280,Taken Into Custody
Louisville Metro Police Department,2023-02-16,16,Male,Black,Not Hispanic Or Latino,46 WPNS LAW VIOLATION,CARRYING A CONCEALED DEADLY WEAPON 527.020 01501 520,Taken Into Custody
Louisville Metro Police Department,2023-02-16,16,Male,Black,Not Hispanic Or Latino,46 WPNS LAW VIOLATION,POSS HANDGUN BY MINOR 1ST OFFENSE 527.100 52206 520,Taken Into Custody
Louisville Metro Police Department,2023-02-16,17,Male,Black,Not Hispanic Or Latino,46 WPNS LAW VIOLATION,CARRYING A CONCEALED DEADLY WEAPON 527.020 01501 520,Taken Into Custody
Louisville Metro Police Department,2023-02-16,17,Male,Black,Not Hispanic Or Latino,46 WPNS LAW VIOLATION,POSS HANDGUN BY MINOR 1ST OFFENSE 527.100 52206 520,Taken Into Custody
Louisville Metro Police Department,2023-02-19,16,Male,Black,Not Hispanic Or Latino,46 WPNS LAW VIOLATION,POSS HANDGUN BY MINOR 1ST OFFENSE 527.100 52206 520,On View Arrest
Louisville Metro Police Department,2023-02-20,14,Male,Black,Not Hispanic Or Latino,46 WPNS LAW VIOLATION,POSS HANDGUN BY MINOR 2ND OR > 527.100 52205 520,Taken Into Custody
Louisville Metro Police Department,2023-02-20,17,Male,Black,Not Hispanic Or Latino,46 WPNS LAW VIOLATION,POSS HANDGUN BY MINOR 1ST OFFENSE 527.100 52206 520,On View Arrest
Louisville Metro Police Department,2023-02-22,15,Male,Black,Not Hispanic Or Latino,46 WPNS LAW VIOLATION,POSS HANDGUN BY MINOR 1ST OFFENSE 527.100 52206 520,Taken Into Custody
Louisville Metro Police Department,2023-02-22,15,Male,Black,Not Hispanic Or Latino,23 THEFT OTHER,TBUT OR DISP FIREARM 514.030 23100 23H,Taken Into Custody
Louisville Metro Police Department,2023-02-22,17,Male,Black,Unknown,46 WPNS LAW VIOLATION,POSS HANDGUN BY MINOR 1ST OFFENSE 527.100 52206 520,On View Arrest
Louisville Metro Police Department,2023-02-22,17,Male,Black,Unknown,33 STOLEN PROPERTY,RECEIVING STOLEN PROPERTY (FIREARM) 514.110 28020 280,On View Arrest
Louisville Metro Police Department,2023-02-26,17,Male,Black,Not Hispanic Or Latino,46 WPNS LAW VIOLATION,POSS HANDGUN BY MINOR 1ST OFFENSE 527.100 52206 520,On View Arrest
Louisville Metro Police Department,2023-02-26,16,Male,White,Hispanic Or Latino,46 WPNS LAW VIOLATION,POSS HANDGUN BY MINOR 1ST OFFENSE 527.100 52206 520,On View Arrest
Louisville Metro Police Department,2023-02-26,17,Male,White,Unknown,46 WPNS LAW VIOLATION,CARRYING A CONCEALED DEADLY WEAPON 527.020 01501 520,On View Arrest
Louisville Metro Police Department,2023-02-26,17,Male,White,Unknown,46 WPNS LAW VIOLATION,POSS HANDGUN BY MINOR 1ST OFFENSE 527.100 52206 520,On View Arrest
Louisville Metro Police Department,2023-02-27,13,Male,Black,Not Hispanic Or Latino,46 WPNS LAW VIOLATION,POSS HANDGUN BY MINOR 1ST OFFENSE 527.100 52206 520,Taken Into Custody
Louisville Metro Police Department,2023-02-27,14,Male,Black,Not Hispanic Or Latino,46 WPNS LAW VIOLATION,POSS HANDGUN BY MINOR 1ST OFFENSE 527.100 52206 520,Taken Into Custody
Louisville Metro Police Department,2023-02-27,15,Male,Black,Not Hispanic Or Latino,46 WPNS LAW VIOLATION,CARRYING A CONCEALED DEADLY WEAPON 527.020 01501 520,Taken Into Custody
Louisville Metro Police Department,2023-02-27,15,Male,Black,Not Hispanic Or Latino,46 WPNS LAW VIOLATION,POSS HANDGUN BY MINOR 1ST OFFENSE 527.100 52206 520,Taken Into Custody
Louisville Metro Police Department,2023-02-27,16,Male,Black,Not Hispanic Or Latino,23 THEFT OTHER,TBUT OR DISP FIREARM 514.030 23100 23H,On View Arrest
Louisville Metro Police Department,2023-03-01,17,Male,Black,Not Hispanic Or Latino,46 WPNS LAW VIOLATION,POSS HANDGUN BY MINOR 1ST OFFENSE 527.100 52206 520,On View Arrest
Louisville Metro Police Department,2023-03-02,16,Male,Black,Not Hispanic Or Latino,46 WPNS LAW VIOLATION,CARRYING A CONCEALED DEADLY WEAPON 527.020 01501 520,Summoned/Cited
Louisville Metro Police Department,2023-03-02,16,Male,Black,Not Hispanic Or Latino,46 WPNS LAW VIOLATION,POSS HANDGUN BY MINOR 1ST OFFENSE 527.100 52206 520,Summoned/Cited
Louisville Metro Police Department,2023-03-03,17,Female,Black,Not Hispanic Or Latino,46 WPNS LAW VIOLATION,POSS HANDGUN BY MINOR 1ST OFFENSE 527.100 52206 520,Summoned/Cited
Louisville Metro Police Department,2023-03-06,14,Male,White,Not Hispanic Or Latino,46 WPNS LAW VIOLATION,POSS HANDGUN BY MINOR 1ST OFFENSE 527.100 52206 520,On View Arrest
Louisville Metro Police Department,2023-03-06,14,Male,White,Not Hispanic Or Latino,33 STOLEN PROPERTY,RECEIVING STOLEN PROPERTY (FIREARM) 514.110 28020 280,On View Arrest
Louisville Metro Police Department,2023-03-07,15,Male,Black,Unknown,46 WPNS LAW VIOLATION,POSS HANDGUN BY MINOR 1ST OFFENSE 527.100 52206 520,Taken Into Custody
Louisville Metro Police Department,2023-03-08,16,Male,Black,Not Hispanic Or Latino,46 WPNS LAW VIOLATION,POSS HANDGUN BY MINOR 2ND OR > 527.100 52205 520,On View Arrest
Louisville Metro Police Department,2023-03-19,14,Male,Black,Not Hispanic Or Latino,46 WPNS LAW VIOLATION,POSS HANDGUN BY MINOR 1ST OFFENSE 527.100 52206 520,Summoned/Cited
Louisville Metro Police Department,2023-03-19,16,Male,White,Unknown,33 STOLEN PROPERTY,RECEIVING STOLEN PROPERTY (FIREARM) 514.110 28020 280,Summoned/Cited
Louisville Metro Police Department,2023-03-21,16,Male,Black,Not Hispanic Or Latino,46 WPNS LAW VIOLATION,POSS HANDGUN BY MINOR 1ST OFFENSE 527.100 52206 520,Taken Into Custody
Louisville Metro Police Department,2023-03-21,16,Male,Black,Not Hispanic Or Latino,33 STOLEN PROPERTY,RECEIVING STOLEN PROPERTY (FIREARM) 514.110 28020 280,Taken Into Custody
Louisville Metro Police Department,2023-03-21,16,Male,Unknown,Unknown,46 WPNS LAW VIOLATION,POSS HANDGUN BY MINOR 1ST OFFENSE 527.100 52206 520,Taken Into Custody
Louisville Metro Police Department,2023-03-21,16,Male,Unknown,Unknown,33 STOLEN PROPERTY,RECEIVING STOLEN PROPERTY (FIREARM) 514.110 28020 280,Taken Into Custody
Louisville Metro Police Department,2023-03-22,15,Male,Black,Not Hispanic Or Latino,46 WPNS LAW VIOLATION,POSSESSION OF HANDGUN BY CONVICTED FELON 527.040 52197 520,Taken Into Custody
Louisville Metro Police Department,2023-03-23,16,Male,Black,Not Hispanic Or Latino,46 WPNS LAW VIOLATION,POSS HANDGUN BY MINOR 1ST OFFENSE 527.100 52206 520,On View Arrest
Louisville Metro Police Department,2023-03-27,13,Male,Black,Not Hispanic Or Latino,46 WPNS LAW VIOLATION,POSS HANDGUN BY MINOR 1ST OFFENSE 527.100 52206 520,Summoned/Cited
Louisville Metro Police Department,2023-03-27,14,Male,Black,Not Hispanic Or Latino,46 WPNS LAW VIOLATION,POSS HANDGUN BY MINOR 1ST OFFENSE 527.100 52206 520,Summoned/Cited
Louisville Metro Police Department,2023-04-12,15,Male,Black,Not Hispanic Or Latino,46 WPNS LAW VIOLATION,POSS HANDGUN BY MINOR 1ST OFFENSE 527.100 52206 520,Taken Into Custody
Louisville Metro Police Department,2023-04-13,17,Male,Black,Not Hispanic Or Latino,46 WPNS LAW VIOLATION,POSS HANDGUN BY MINOR 1ST OFFENSE 527.100 52206 520,On View Arrest
Louisville Metro Police Department,2023-04-17,15,Male,Black,Not Hispanic Or Latino,46 WPNS LAW VIOLATION,POSS HANDGUN BY MINOR 1ST OFFENSE 527.100 52206 520,Taken Into Custody
Louisville Metro Police Department,2023-04-17,15,Male,Black,Not Hispanic Or Latino,33 STOLEN PROPERTY,RECEIVING STOLEN PROPERTY (FIREARM) 514.110 28020 280,Taken Into Custody
Louisville Metro Police Department,2023-04-17,16,Male,White,Hispanic Or Latino,46 WPNS LAW VIOLATION,POSS HANDGUN BY MINOR 1ST OFFENSE 527.100 52206 520,Taken Into Custody
Louisville Metro Police Department,2023-04-17,16,Male,White,Hispanic Or Latino,33 STOLEN PROPERTY,RECEIVING STOLEN PROPERTY (FIREARM) 514.110 28020 280,Taken Into Custody
Louisville Metro Police Department,2023-04-20,17,Male,Black,Not Hispanic Or Latino,46 WPNS LAW VIOLATION,CARRYING A CONCEALED DEADLY WEAPON 527.020 01501 520,Taken Into Custody
Louisville Metro Police Department,2023-04-20,17,Male,Black,Not Hispanic Or Latino,46 WPNS LAW VIOLATION,POSS HANDGUN BY MINOR 1ST OFFENSE 527.100 52206 520,Taken Into Custody
Louisville Metro Police Department,2023-04-24,16,Male,Black,Not Hispanic Or Latino,46 WPNS LAW VIOLATION,POSS HANDGUN BY MINOR 1ST OFFENSE 527.100 52206 520,Summoned/Cited
Louisville Metro Police Department,2023-04-24,17,Male,Black,Not Hispanic Or Latino,46 WPNS LAW VIOLATION,POSS HANDGUN BY MINOR 2ND OR > 527.100 52205 520,Summoned/Cited
Louisville Metro Police Department,2023-04-25,14,Male,Black,Not Hispanic Or Latino,46 WPNS LAW VIOLATION,POSS HANDGUN BY MINOR 1ST OFFENSE 527.100 52206 520,Summoned/Cited
Louisville Metro Police Department,2023-04-25,16,Male,Black,Not Hispanic Or Latino,46 WPNS LAW VIOLATION,UNLAWFULLY PROV/PERMIT MINOR TO POSSESS HANDGUN 527.110 52203 520,Summoned/Cited
Louisville Metro Police Department,2023-04-26,15,Male,Black,Not Hispanic Or Latino,46 WPNS LAW VIOLATION,POSS HANDGUN BY MINOR 1ST OFFENSE 527.100 52206 520,On View Arrest
Louisville Metro Police Department,2023-04-26,15,Male,Black,Not Hispanic Or Latino,46 WPNS LAW VIOLATION,POSSESSION OF DEFACED FIREARM 527.050 01504 520,On View Arrest
Louisville Metro Police Department,2023-04-26,15,Male,Black,Not Hispanic Or Latino,23 THEFT OTHER,TBUT OR DISP FIREARM 514.030 23100 23H,On View Arrest
Louisville Metro Police Department,2023-04-26,16,Male,Black,Not Hispanic Or Latino,46 WPNS LAW VIOLATION,POSS HANDGUN BY MINOR 1ST OFFENSE 527.100 52206 520,On View Arrest
Louisville Metro Police Department,2023-05-02,17,Male,Black,Not Hispanic Or Latino,46 WPNS LAW VIOLATION,POSS HANDGUN BY MINOR 1ST OFFENSE 527.100 52206 520,On View Arrest
Louisville Metro Police Department,2023-05-05,17,Male,White,Hispanic Or Latino,46 WPNS LAW VIOLATION,CARRYING A CONCEALED DEADLY WEAPON 527.020 01501 520,Summoned/Cited
Louisville Metro Police Department,2023-05-10,17,Male,White,Not Hispanic Or Latino,23 THEFT OTHER,TBUT OR DISP FIREARM 514.030 23100 23H,On View Arrest
Louisville Metro Police Department,2023-05-18,16,Male,Black,Not Hispanic Or Latino,46 WPNS LAW VIOLATION,POSS HANDGUN BY MINOR 1ST OFFENSE 527.100 52206 520,Taken Into Custody
Louisville Metro Police Department,2023-05-23,17,Male,Black,Not Hispanic Or Latino,46 WPNS LAW VIOLATION,POSS HANDGUN BY MINOR 1ST OFFENSE 527.100 52206 520,Taken Into Custody
Louisville Metro Police Department,2023-05-23,17,Male,Black,Not Hispanic Or Latino,33 STOLEN PROPERTY,RECEIVING STOLEN PROPERTY (FIREARM) 514.110 28020 280,Taken Into Custody
Louisville Metro Police Department,2023-05-29,16,Male,Black,Not Hispanic Or Latino,46 WPNS LAW VIOLATION,POSS HANDGUN BY MINOR 1ST OFFENSE 527.100 52206 520,Taken Into Custody
Louisville Metro Police Department,2023-05-31,17,Male,Black,Not Hispanic Or Latino,46 WPNS LAW VIOLATION,POSS HANDGUN BY MINOR 2ND OR > 527.100 52205 520,Summoned/Cited
Louisville Metro Police Department,2023-05-31,16,Male,White,Not Hispanic Or Latino,46 WPNS LAW VIOLATION,POSS HANDGUN BY MINOR 2ND OR > 527.100 52205 520,Taken Into Custody
Louisville Metro Police Department,2023-06-02,16,Male,Black,Not Hispanic Or Latino,46 WPNS LAW VIOLATION,POSS HANDGUN BY MINOR 1ST OFFENSE 527.100 52206 520,Taken Into Custody
Louisville Metro Police Department,2023-06-02,16,Male,Black,Not Hispanic Or Latino,33 STOLEN PROPERTY,RECEIVING STOLEN PROPERTY (FIREARM) 514.110 28020 280,Taken Into Custody
Louisville Metro Police Department,2023-06-02,17,Male,Black,Not Hispanic Or Latino,46 WPNS LAW VIOLATION,POSS HANDGUN BY MINOR 1ST OFFENSE 527.100 52206 520,Taken Into Custody
Louisville Metro Police Department,2023-06-02,17,Male,Black,Not Hispanic Or Latino,46 WPNS LAW VIOLATION,POSS HANDGUN BY MINOR 1ST OFFENSE 527.100 52206 520,Taken Into Custody
Louisville Metro Police Department,2023-06-06,16,Male,Black,Not Hispanic Or Latino,46 WPNS LAW VIOLATION,POSS HANDGUN BY MINOR 2ND OR > 527.100 52205 520,Taken Into Custody
Louisville Metro Police Department,2023-06-13,17,Male,Black,Not Hispanic Or Latino,46 WPNS LAW VIOLATION,CARRYING A CONCEALED DEADLY WEAPON 527.020 01501 520,Summoned/Cited
Louisville Metro Police Department,2023-06-13,17,Male,Black,Not Hispanic Or Latino,46 WPNS LAW VIOLATION,POSS HANDGUN BY MINOR 1ST OFFENSE 527.100 52206 520,Summoned/Cited
Louisville Metro Police Department,2023-06-13,17,Male,Black,Not Hispanic Or Latino,33 STOLEN PROPERTY,RECEIVING STOLEN PROPERTY (FIREARM) 514.110 28020 280,Summoned/Cited
Louisville Metro Police Department,2023-06-14,17,Male,Black,Not Hispanic Or Latino,46 WPNS LAW VIOLATION,CARRYING A CONCEALED DEADLY WEAPON 527.020 01501 520,Taken Into Custody
Louisville Metro Police Department,2023-06-14,17,Male,Black,Not Hispanic Or Latino,46 WPNS LAW VIOLATION,POSS HANDGUN BY MINOR 1ST OFFENSE 527.100 52206 520,Taken Into Custody
Louisville Metro Police Department,2023-06-14,17,Male,Black,Not Hispanic Or Latino,46 WPNS LAW VIOLATION,POSSESSION OF HANDGUN BY CONVICTED FELON 527.040 52197 520,Taken Into Custody
Louisville Metro Police Department,2023-06-15,16,Male,Black,Not Hispanic Or Latino,46 WPNS LAW VIOLATION,CARRYING A CONCEALED DEADLY WEAPON 527.020 01501 520,Summoned/Cited
Louisville Metro Police Department,2023-06-15,16,Male,Black,Not Hispanic Or Latino,46 WPNS LAW VIOLATION,POSS HANDGUN BY MINOR 1ST OFFENSE 527.100 52206 520,Summoned/Cited
Louisville Metro Police Department,2023-06-15,17,Male,White,Not Hispanic Or Latino,46 WPNS LAW VIOLATION,POSS HANDGUN BY MINOR 1ST OFFENSE 527.100 52206 520,Taken Into Custody
Louisville Metro Police Department,2023-06-16,16,Male,Black,Not Hispanic Or Latino,33 STOLEN PROPERTY,RECEIVING STOLEN PROPERTY (FIREARM) 514.110 28020 280,Summoned/Cited
Louisville Metro Police Department,2023-06-17,16,Male,Black,Not Hispanic Or Latino,46 WPNS LAW VIOLATION,POSS HANDGUN BY MINOR 1ST OFFENSE 527.100 52206 520,Taken Into Custody
Louisville Metro Police Department,2023-06-17,17,Male,Black,Not Hispanic Or Latino,46 WPNS LAW VIOLATION,POSS HANDGUN BY MINOR 1ST OFFENSE 527.100 52206 520,Taken Into Custody
Louisville Metro Police Department,2023-06-17,17,Male,White,Not Hispanic Or Latino,46 WPNS LAW VIOLATION,CARRYING A CONCEALED DEADLY WEAPON 527.020 01501 520,Taken Into Custody
Louisville Metro Police Department,2023-06-17,17,Male,White,Not Hispanic Or Latino,46 WPNS LAW VIOLATION,POSS HANDGUN BY MINOR 1ST OFFENSE 527.100 52206 520,Taken Into Custody
Louisville Metro Police Department,2023-06-17,17,Male,White,Not Hispanic Or Latino,46 WPNS LAW VIOLATION,POSS HANDGUN BY MINOR 2ND OR > 527.100 52205 520,Taken Into Custody
Louisville Metro Police Department,2023-06-18,16,Female,Black,Not Hispanic Or Latino,46 WPNS LAW VIOLATION,CARRYING A CONCEALED DEADLY WEAPON 527.020 01501 520,Taken Into Custody
Louisville Metro Police Department,2023-06-18,16,Female,Black,Not Hispanic Or Latino,46 WPNS LAW VIOLATION,POSS HANDGUN BY MINOR 1ST OFFENSE 527.100 52206 520,Taken Into Custody
Louisville Metro Police Department,2023-06-21,16,Male,White,Not Hispanic Or Latino,46 WPNS LAW VIOLATION,CARRYING A CONCEALED DEADLY WEAPON 527.020 01501 520,Summoned/Cited
Louisville Metro Police Department,2023-06-21,16,Male,White,Not Hispanic Or Latino,46 WPNS LAW VIOLATION,POSSESSION OF HANDGUN BY CONVICTED FELON 527.040 52197 520,Summoned/Cited
Louisville Metro Police Department,2023-06-24,15,Male,Black,Not Hispanic Or Latino,46 WPNS LAW VIOLATION,POSS HANDGUN BY MINOR 1ST OFFENSE 527.100 52206 520,Taken Into Custody
Louisville Metro Police Department,2023-06-24,15,Male,Black,Not Hispanic Or Latino,33 STOLEN PROPERTY,RECEIVING STOLEN PROPERTY (FIREARM) 514.110 28020 280,Taken Into Custody
Louisville Metro Police Department,2023-06-24,17,Male,Black,Not Hispanic Or Latino,46 WPNS LAW VIOLATION,POSS HANDGUN BY MINOR 1ST OFFENSE 527.100 52206 520,Taken Into Custody
Louisville Metro Police Department,2023-06-25,15,Male,Black,Hispanic Or Latino,46 WPNS LAW VIOLATION,POSS HANDGUN BY MINOR 1ST OFFENSE 527.100 52206 520,Summoned/Cited
Louisville Metro Police Department,2023-06-26,16,Male,Black,Not Hispanic Or Latino,46 WPNS LAW VIOLATION,POSS HANDGUN BY MINOR 1ST OFFENSE 527.100 52206 520,Taken Into Custody
Louisville Metro Police Department,2023-07-18,15,Male,Black,Unknown,46 WPNS LAW VIOLATION,CARRYING A CONCEALED DEADLY WEAPON 527.020 01501 520,Summoned/Cited
Louisville Metro Police Department,2023-07-18,15,Male,Black,Unknown,46 WPNS LAW VIOLATION,POSS HANDGUN BY MINOR 1ST OFFENSE 527.100 52206 520,Summoned/Cited
Louisville Metro Police Department,2023-07-18,16,Male,Black,Not Hispanic Or Latino,46 WPNS LAW VIOLATION,CARRYING A CONCEALED DEADLY WEAPON 527.020 01501 520,Summoned/Cited
Louisville Metro Police Department,2023-07-18,16,Male,Black,Not Hispanic Or Latino,46 WPNS LAW VIOLATION,POSS HANDGUN BY MINOR 1ST OFFENSE 527.100 52206 520,Taken Into Custody
Louisville Metro Police Department,2023-07-18,16,Male,Black,Not Hispanic Or Latino,46 WPNS LAW VIOLATION,POSS HANDGUN BY MINOR 1ST OFFENSE 527.100 52206 520,Summoned/Cited
Louisville Metro Police Department,2023-07-18,16,Male,Black,Not Hispanic Or Latino,33 STOLEN PROPERTY,RECEIVING STOLEN PROPERTY (FIREARM) 514.110 28020 280,Summoned/Cited
Louisville Metro Police Department,2023-07-21,17,Male,Black,Not Hispanic Or Latino,46 WPNS LAW VIOLATION,POSS HANDGUN BY MINOR 1ST OFFENSE 527.100 52206 520,Summoned/Cited
Louisville Metro Police Department,2023-07-23,15,Male,Black,Not Hispanic Or Latino,46 WPNS LAW VIOLATION,POSS HANDGUN BY MINOR 1ST OFFENSE 527.100 52206 520,Taken Into Custody
Louisville Metro Police Department,2023-07-24,17,Male,White,Not Hispanic Or Latino,46 WPNS LAW VIOLATION,POSS HANDGUN BY MINOR 1ST OFFENSE 527.100 52206 520,Summoned/Cited
Louisville Metro Police Department,2023-07-25,14,Male,Black,Not Hispanic Or Latino,46 WPNS LAW VIOLATION,CARRYING A CONCEALED DEADLY WEAPON 527.020 01501 520,On View Arrest
Louisville Metro Police Department,2023-07-25,14,Male,Black,Not Hispanic Or Latino,46 WPNS LAW VIOLATION,POSS HANDGUN BY MINOR 1ST OFFENSE 527.100 52206 520,On View Arrest
Louisville Metro Police Department,2023-07-26,17,Male,Black,Not Hispanic Or Latino,46 WPNS LAW VIOLATION,POSS HANDGUN BY MINOR 1ST OFFENSE 527.100 52206 520,Summoned/Cited
Louisville Metro Police Department,2023-07-28,13,Male,Black,Not Hispanic Or Latino,46 WPNS LAW VIOLATION,POSS HANDGUN BY MINOR 1ST OFFENSE 527.100 52206 520,On View Arrest
Louisville Metro Police Department,2023-07-28,13,Male,Black,Not Hispanic Or Latino,33 STOLEN PROPERTY,RECEIVING STOLEN PROPERTY (FIREARM) 514.110 28020 280,On View Arrest
Louisville Metro Police Department,2023-07-28,16,Male,Black,Not Hispanic Or Latino,46 WPNS LAW VIOLATION,POSS HANDGUN BY MINOR 2ND OR > 527.100 52205 520,Summoned/Cited
Louisville Metro Police Department,2023-08-01,15,Male,White,,46 WPNS LAW VIOLATION,POSS HANDGUN BY MINOR 1ST OFFENSE 527.100 52206 520,Taken Into Custody
Louisville Metro Police Department,2023-08-02,17,Male,White,Not Hispanic Or Latino,46 WPNS LAW VIOLATION,POSS HANDGUN BY MINOR 1ST OFFENSE 527.100 52206 520,Taken Into Custody
Louisville Metro Police Department,2023-08-04,15,Male,White,Not Hispanic Or Latino,46 WPNS LAW VIOLATION,POSS HANDGUN BY MINOR 1ST OFFENSE 527.100 52206 520,Summoned/Cited
Louisville Metro Police Department,2023-08-04,15,Male,White,Not Hispanic Or Latino,33 STOLEN PROPERTY,RECEIVING STOLEN PROPERTY (FIREARM) 514.110 28020 280,Summoned/Cited
Louisville Metro Police Department,2023-08-05,16,Male,Black,Not Hispanic Or Latino,46 WPNS LAW VIOLATION,POSS HANDGUN BY MINOR 1ST OFFENSE 527.100 52206 520,Taken Into Custody
Louisville Metro Police Department,2023-08-05,13,Male,White,Not Hispanic Or Latino,46 WPNS LAW VIOLATION,POSS HANDGUN BY MINOR 1ST OFFENSE 527.100 52206 520,Summoned/Cited
Louisville Metro Police Department,2023-08-05,16,Male,White,Not Hispanic Or Latino,46 WPNS LAW VIOLATION,POSS HANDGUN BY MINOR 1ST OFFENSE 527.100 52206 520,On View Arrest
Louisville Metro Police Department,2023-08-05,17,Male,White,Not Hispanic Or Latino,46 WPNS LAW VIOLATION,POSS HANDGUN BY MINOR 1ST OFFENSE 527.100 52206 520,Taken Into Custody
Louisville Metro Police Department,2023-08-08,14,Male,Black,Not Hispanic Or Latino,46 WPNS LAW VIOLATION,POSS HANDGUN BY MINOR 1ST OFFENSE 527.100 52206 520,Summoned/Cited
Louisville Metro Police Department,2023-08-08,14,Male,Black,Not Hispanic Or Latino,33 STOLEN PROPERTY,RECEIVING STOLEN PROPERTY (FIREARM) 514.110 28020 280,Summoned/Cited
Louisville Metro Police Department,2023-08-16,16,Male,Black,Not Hispanic Or Latino,46 WPNS LAW VIOLATION,POSS HANDGUN BY MINOR 1ST OFFENSE 527.100 52206 520,Taken Into Custody
Louisville Metro Police Department,2023-08-18,17,Male,Black,Unknown,46 WPNS LAW VIOLATION,POSS HANDGUN BY MINOR 1ST OFFENSE 527.100 52206 520,On View Arrest
Louisville Metro Police Department,2023-08-22,17,Male,Black,Not Hispanic Or Latino,46 WPNS LAW VIOLATION,POSS HANDGUN BY MINOR 1ST OFFENSE 527.100 52206 520,Summoned/Cited
Louisville Metro Police Department,2023-08-22,17,Male,Black,Not Hispanic Or Latino,33 STOLEN PROPERTY,RECEIVING STOLEN PROPERTY (FIREARM) 514.110 28020 280,Summoned/Cited
Louisville Metro Police Department,2023-08-24,17,Male,Black,Not Hispanic Or Latino,46 WPNS LAW VIOLATION,POSS HANDGUN BY MINOR 1ST OFFENSE 527.100 52206 520,On View Arrest
Louisville Metro Police Department,2023-08-27,17,Male,Black,Not Hispanic Or Latino,46 WPNS LAW VIOLATION,POSS HANDGUN BY MINOR 2ND OR > 527.100 52205 520,Taken Into Custody
Louisville Metro Police Department,2023-08-29,15,Male,White,Not Hispanic Or Latino,46 WPNS LAW VIOLATION,POSS HANDGUN BY MINOR 1ST OFFENSE 527.100 52206 520,On View Arrest
Louisville Metro Police Department,2023-09-02,15,Male,White,Hispanic Or Latino,46 WPNS LAW VIOLATION,POSS HANDGUN BY MINOR 2ND OR > 527.100 52205 520,On View Arrest
Louisville Metro Police Department,2023-09-02,15,Male,White,Hispanic Or Latino,46 WPNS LAW VIOLATION,UNLAWFUL POSSESSION OF WEAPON ON SCHOOL PROPERTY 527.070 52204 520,On View Arrest
Louisville Metro Police Department,2023-09-03,16,Male,Black,Not Hispanic Or Latino,46 WPNS LAW VIOLATION,POSS HANDGUN BY MINOR 1ST OFFENSE 527.100 52206 520,On View Arrest
Louisville Metro Police Department,2023-09-06,16,Male,Black,Not Hispanic Or Latino,33 STOLEN PROPERTY,RECEIVING STOLEN PROPERTY (FIREARM) 514.110 28020 280,Taken Into Custody
Louisville Metro Police Department,2023-09-06,16,Male,White,Not Hispanic Or Latino,46 WPNS LAW VIOLATION,POSS HANDGUN BY MINOR 1ST OFFENSE 527.100 52206 520,Taken Into Custody
Louisville Metro Police Department,2023-09-06,16,Male,White,Not Hispanic Or Latino,33 STOLEN PROPERTY,RECEIVING STOLEN PROPERTY (FIREARM) 514.110 28020 280,Taken Into Custody
Louisville Metro Police Department,2023-09-06,16,Male,White,Not Hispanic Or Latino,23 THEFT OTHER,TBUT OR DISP FIREARM 514.030 23100 23H,Taken Into Custody
Louisville Metro Police Department,2023-09-06,16,Male,White,Not Hispanic Or Latino,23 THEFT OTHER,TBUT OR DISP FIREARM 514.030 23100 23H,Taken Into Custody
Louisville Metro Police Department,2023-09-08,14,Male,Black,Not Hispanic Or Latino,46 WPNS LAW VIOLATION,POSS HANDGUN BY MINOR 1ST OFFENSE 527.100 52206 520,Summoned/Cited
Louisville Metro Police Department,2023-09-09,15,Male,White,Not Hispanic Or Latino,46 WPNS LAW VIOLATION,CARRYING A CONCEALED DEADLY WEAPON 527.020 01501 520,Taken Into Custody
Louisville Metro Police Department,2023-09-09,15,Male,White,Not Hispanic Or Latino,46 WPNS LAW VIOLATION,POSS HANDGUN BY MINOR 1ST OFFENSE 527.100 52206 520,Taken Into Custody
Louisville Metro Police Department,2023-09-09,15,Male,White,Not Hispanic Or Latino,23 THEFT OTHER,TBUT OR DISP FIREARM 514.030 23100 23H,Taken Into Custody
Louisville Metro Police Department,2023-09-09,17,Male,White,Not Hispanic Or Latino,46 WPNS LAW VIOLATION,POSS HANDGUN BY MINOR 1ST OFFENSE 527.100 52206 520,On View Arrest
Louisville Metro Police Department,2023-09-09,17,Male,White,Not Hispanic Or Latino,23 THEFT OTHER,TBUT OR DISP FIREARM 514.030 23100 23H,On View Arrest
Louisville Metro Police Department,2023-09-10,15,Male,Black,Not Hispanic Or Latino,46 WPNS LAW VIOLATION,POSS HANDGUN BY MINOR 1ST OFFENSE 527.100 52206 520,On View Arrest
Louisville Metro Police Department,2023-09-10,17,Male,Black,Not Hispanic Or Latino,46 WPNS LAW VIOLATION,POSS HANDGUN BY MINOR 1ST OFFENSE 527.100 52206 520,Summoned/Cited
Louisville Metro Police Department,2023-09-14,17,Male,Black,Not Hispanic Or Latino,46 WPNS LAW VIOLATION,POSS HANDGUN BY MINOR 1ST OFFENSE 527.100 52206 520,Taken Into Custody
Louisville Metro Police Department,2023-09-19,17,Male,Black,Not Hispanic Or Latino,33 STOLEN PROPERTY,RECEIVING STOLEN PROPERTY (FIREARM) 514.110 28020 280,Summoned/Cited
Louisville Metro Police Department,2023-09-20,16,Male,Black,Not Hispanic Or Latino,46 WPNS LAW VIOLATION,POSS HANDGUN BY MINOR 1ST OFFENSE 527.100 52206 520,Taken Into Custody
Louisville Metro Police Department,2023-09-20,17,Male,Black,Not Hispanic Or Latino,46 WPNS LAW VIOLATION,POSS HANDGUN BY MINOR 1ST OFFENSE 527.100 52206 520,On View Arrest
Louisville Metro Police Department,2023-09-24,17,Male,Black,Not Hispanic Or Latino,46 WPNS LAW VIOLATION,POSS HANDGUN BY MINOR 1ST OFFENSE 527.100 52206 520,On View Arrest
Louisville Metro Police Department,2023-09-24,17,Male,Black,Not Hispanic Or Latino,46 WPNS LAW VIOLATION,POSSESSION OF HANDGUN BY CONVICTED FELON 527.040 52197 520,On View Arrest
Louisville Metro Police Department,2023-10-05,17,Male,Black,Not Hispanic Or Latino,46 WPNS LAW VIOLATION,POSS HANDGUN BY MINOR 1ST OFFENSE 527.100 52206 520,Taken Into Custody
Louisville Metro Police Department,2023-10-12,15,Male,Black,Not Hispanic Or Latino,46 WPNS LAW VIOLATION,POSS HANDGUN BY MINOR 1ST OFFENSE 527.100 52206 520,On View Arrest
Louisville Metro Police Department,2023-10-15,17,Male,Black,Not Hispanic Or Latino,46 WPNS LAW VIOLATION,POSS HANDGUN BY MINOR 1ST OFFENSE 527.100 52206 520,Taken Into Custody
Louisville Metro Police Department,2023-10-16,13,Female,Black,Not Hispanic Or Latino,46 WPNS LAW VIOLATION,POSS HANDGUN BY MINOR 1ST OFFENSE 527.100 52206 520,Summoned/Cited
Louisville Metro Police Department,2023-10-23,15,Male,Black,Not Hispanic Or Latino,46 WPNS LAW VIOLATION,POSS HANDGUN BY MINOR 1ST OFFENSE 527.100 52206 520,Taken Into Custody
Louisville Metro Police Department,2023-10-28,17,Male,White,Not Hispanic Or Latino,46 WPNS LAW VIOLATION,CARRYING A CONCEALED DEADLY WEAPON 527.020 01501 520,Summoned/Cited
Louisville Metro Police Department,2023-10-28,17,Male,White,Not Hispanic Or Latino,46 WPNS LAW VIOLATION,POSS HANDGUN BY MINOR 1ST OFFENSE 527.100 52206 520,Summoned/Cited
Louisville Metro Police Department,2023-10-28,17,Male,White,Not Hispanic Or Latino,33 STOLEN PROPERTY,RECEIVING STOLEN PROPERTY (FIREARM) 514.110 28020 280,Summoned/Cited
Louisville Metro Police Department,2023-11-04,17,Male,Black,Not Hispanic Or Latino,33 STOLEN PROPERTY,RECEIVING STOLEN PROPERTY (FIREARM) 514.110 28020 280,Summoned/Cited
Louisville Metro Police Department,2023-11-06,17,Male,Black,Not Hispanic Or Latino,46 WPNS LAW VIOLATION,CARRYING A CONCEALED DEADLY WEAPON 527.020 01501 520,Summoned/Cited
Louisville Metro Police Department,2023-11-06,17,Male,Black,Not Hispanic Or Latino,46 WPNS LAW VIOLATION,POSS HANDGUN BY MINOR 1ST OFFENSE 527.100 52206 520,Summoned/Cited
Louisville Metro Police Department,2023-11-07,17,Male,Black,Not Hispanic Or Latino,46 WPNS LAW VIOLATION,CARRYING A CONCEALED DEADLY WEAPON 527.020 01501 520,Taken Into Custody
Louisville Metro Police Department,2023-11-07,17,Male,Black,Not Hispanic Or Latino,46 WPNS LAW VIOLATION,POSS HANDGUN BY MINOR 1ST OFFENSE 527.100 52206 520,Taken Into Custody
Louisville Metro Police Department,2023-11-07,17,Male,Black,Not Hispanic Or Latino,33 STOLEN PROPERTY,RECEIVING STOLEN PROPERTY (FIREARM) 514.110 28020 280,Taken Into Custody
Louisville Metro Police Department,2023-11-09,15,Male,Black,Not Hispanic Or Latino,46 WPNS LAW VIOLATION,POSS HANDGUN BY MINOR 1ST OFFENSE 527.100 52206 520,Taken Into Custody
Louisville Metro Police Department,2023-11-19,14,Male,Black,Not Hispanic Or Latino,23 THEFT OTHER,TBUT OR DISP FIREARM 514.030 23100 23H,On View Arrest
Louisville Metro Police Department,2023-11-21,16,Male,Black,Not Hispanic Or Latino,46 WPNS LAW VIOLATION,POSS HANDGUN BY MINOR 1ST OFFENSE 527.100 52206 520,Summoned/Cited
Louisville Metro Police Department,2023-11-21,16,Male,Black,Not Hispanic Or Latino,46 WPNS LAW VIOLATION,UNLAWFUL POSSESSION OF WEAPON ON SCHOOL PROPERTY 527.070 52204 520,Summoned/Cited
Louisville Metro Police Department,2023-11-26,17,Male,White,Not Hispanic Or Latino,46 WPNS LAW VIOLATION,POSS HANDGUN BY MINOR 1ST OFFENSE 527.100 52206 520,Summoned/Cited
Louisville Metro Police Department,2023-12-05,17,Male,Black,Not Hispanic Or Latino,46 WPNS LAW VIOLATION,POSS HANDGUN BY MINOR 2ND OR > 527.100 52205 520,Taken Into Custody
Louisville Metro Police Department,2023-12-10,15,Male,Black,Not Hispanic Or Latino,46 WPNS LAW VIOLATION,POSS HANDGUN BY MINOR 1ST OFFENSE 527.100 52206 520,Taken Into Custody
Louisville Metro Police Department,2023-12-10,16,Male,Black,Not Hispanic Or Latino,46 WPNS LAW VIOLATION,POSS HANDGUN BY MINOR 1ST OFFENSE 527.100 52206 520,Taken Into Custody
Louisville Metro Police Department,2023-12-11,17,Male,Black,Not Hispanic Or Latino,46 WPNS LAW VIOLATION,POSS HANDGUN BY MINOR 1ST OFFENSE 527.100 52206 520,Taken Into Custody
Louisville Metro Police Department,2023-12-11,17,Male,Black,Not Hispanic Or Latino,46 WPNS LAW VIOLATION,POSSESSION OF FIREARM BY CONVICTED FELON 527.040 52196 520,Taken Into Custody
Louisville Metro Police Department,2023-12-12,17,Male,Black,Not Hispanic Or Latino,46 WPNS LAW VIOLATION,POSS HANDGUN BY MINOR 1ST OFFENSE 527.100 52206 520,Summoned/Cited
Louisville Metro Police Department,2023-12-14,15,Male,Black,Not Hispanic Or Latino,46 WPNS LAW VIOLATION,CARRYING A CONCEALED DEADLY WEAPON 527.020 01501 520,On View Arrest
Louisville Metro Police Department,2023-12-14,15,Male,Black,Not Hispanic Or Latino,46 WPNS LAW VIOLATION,POSS HANDGUN BY MINOR 1ST OFFENSE 527.100 52206 520,On View Arrest
Louisville Metro Police Department,2023-12-15,16,Male,Black,Not Hispanic Or Latino,46 WPNS LAW VIOLATION,POSS HANDGUN BY MINOR 1ST OFFENSE 527.100 52206 520,Taken Into Custody
Louisville Metro Police Department,2023-12-17,15,Male,Black,Not Hispanic Or Latino,46 WPNS LAW VIOLATION,POSS HANDGUN BY MINOR 1ST OFFENSE 527.100 52206 520,Taken Into Custody
Louisville Metro Police Department,2023-12-20,17,Male,Black,Not Hispanic Or Latino,46 WPNS LAW VIOLATION,POSS HANDGUN BY MINOR 1ST OFFENSE 527.100 52206 520,Taken Into Custody